mes_anno,mes,QN301,QN304,QN401,QN402,QN403,QN406,QN408,QN501,QN603,QN2701,QN404,QN606,Pte Sanchez Cerro,Puchaca,Batan,Quirihuac,Huacapongo,Condorcerro,Yanapampa
1/09/1965,SET,0.719,18.381,0.93,0.16,39.497,0.31,0.7,3.5,9.114,30.71,6.57,14.55,1.956,5.504,3.021,0.439,0.109,26.12,17.196
1/10/1965,OCT,1.103,28.197,1.12,0.34,58.305,0.67,0.91,12.8,22.242,21.916,10.44,21.09,0,3.678,4.137,1.661,0.295,38.792,27.429
1/11/1965,NOV,1.147,22.653,1.38,0.36,61.829,0.27,0.81,23.4,42.467,34.066,9.54,35.83,0,6.228,6.116,3.374,0.382,55.436,23.822
1/12/1965,DIC,2.537,31.163,1.86,0.44,83.792,0.49,0.98,9,19.122,19.004,15.13,23.99,0,3.87,3.555,3.021,0.606,105.668,33.712
1/01/1966,ENE,4.999,61.401,2.21,0.86,141.914,1.37,1.06,47.1,40.927,63.807,19.4,27.72,0,6.851,7.758,30.299,3.72,256.118,66.44
1/02/1966,FEB,4.314,52.986,2.32,0.52,133.461,2.46,0.96,23.4,18.887,73.785,20.31,27.47,24.769,4.067,5.343,10.209,1.899,259.701,57.263
1/03/1966,MAR,2.665,60.535,2.17,0.6,108.566,1.5,0.79,28.1,27.341,125.56,13.67,24.99,21.756,5.174,7.423,11.456,1.698,285.168,63.218
1/04/1966,ABR,0.889,37.211,1.69,0.42,70.564,0.8,0.93,22.6,29.556,104.128,13.35,21.77,15.93,6.393,9.667,9.947,1.123,173.257,38.102
1/05/1966,MAY,0.535,36.865,1.44,0.22,52.194,0.9,0.93,17.9,38.786,63.695,10.81,21.14,16.663,6.667,8.337,5.953,1.017,62.836,27.349
1/06/1966,JUN,0.467,15.433,1.34,0.12,36.533,0.38,0.94,6.5,13.142,22.685,7.58,12.39,12.932,1.002,4.161,0.89,0.22,36.759,15.909
1/07/1966,JUL,0.535,13.665,1.24,0.11,34.243,0.33,0.74,3.1,7.406,27.031,6.96,7.04,5.485,0.643,2.893,0.382,0.109,30.01,14.157
1/08/1966,AGO,0.523,13.377,1.19,0.08,35.726,0.21,0.71,1.9,5.505,17.585,6.45,4.76,0,1.611,2.416,0.194,0.052,28.766,13.907
1/09/1966,SET,0.591,15.109,1.29,0.41,41.108,0.22,0.8,1.4,6.234,12.539,6.43,6.08,0,1.709,2.542,0.191,0.036,28.303,15.629
1/10/1966,OCT,1.28,32.72,1.3,0.37,77.907,0.29,0.8,10.1,34.012,16.241,8.64,31.2,0,5.666,5.707,3.001,0.994,62.734,33.965
1/11/1966,NOV,1.316,25.985,1.46,0.31,82.857,0.15,0.91,9.3,27.117,9.529,10.79,27.32,0,2.36,4.4,3.949,0.726,124.281,27.251
1/12/1966,DIC,2.929,35.971,1.62,0.46,86.387,0.58,0.86,3.8,12.802,8.774,9.74,14.82,0,1.133,3.031,0.853,0.108,128.425,38.947
1/01/1967,ENE,4.819,59.181,1.58,0.27,124.319,0.73,1.26,34.1,45.847,34.237,19.06,16.79,0,10.902,12.203,22.051,3.834,200.636,64.025
1/02/1967,FEB,14.004,171.996,1.93,0.41,354.128,2.77,0.95,125.7,71.467,95.362,31.18,33.36,22.859,12.326,19.469,95.274,30.329,442.797,185.893
1/03/1967,MAR,5.148,116.952,2.17,0.58,298.487,3.34,1.24,111.3,56.361,109.394,27.35,28.24,23.839,9.793,12.82,49.421,11.208,508.119,125.444
1/04/1967,ABR,1.216,50.884,1.68,0.22,90.928,0.94,0.93,36.4,29.786,64.12,13.95,20.49,17.894,6.711,11.758,13.092,1.718,97.139,52.058
1/05/1967,MAY,0.359,24.741,1.31,0.12,53.977,0.22,0.45,18.3,24.956,32.333,8.34,17.98,10.749,2.593,8.229,5.938,1.055,41.774,25.052
1/06/1967,JUN,0.667,22.033,1.06,0.19,33.144,0.27,0.6,9.1,11.602,29.282,6.19,11.81,0.787,1.201,6.001,1.433,0.378,34.706,22.726
1/07/1967,JUL,0.745,19.055,0.85,0.01,26.315,0.28,0.52,5.6,7.876,43.123,4.9,9.46,0,2.608,4.54,0.805,0.314,28.258,19.814
1/08/1967,AGO,0.621,15.879,0.74,0.24,25.821,0.05,0.41,3.2,5.815,35.394,4.29,8.23,0,0.776,3.047,0.35,0.116,26.914,16.484
1/09/1967,SET,0.606,15.494,0.82,0.19,30.262,0.21,0.56,2.1,5.224,20.486,4.8,7.86,0,1.222,3.117,0.235,0.033,26.689,16.146
1/10/1967,OCT,1.453,37.147,0.9,0.36,67.155,0.13,0.89,7.1,24.752,16.764,14.32,21.25,0,5.713,4.68,3.424,3.102,26.752,38.645
1/11/1967,NOV,1.422,28.079,1.25,0.36,59.548,0.89,0.94,4.7,15.597,14.545,8.23,15.55,0,1.505,3.47,1.208,0.942,24.933,29.51
1/12/1967,DIC,2.138,26.262,1.65,0.46,63.358,0.18,0.97,2.5,13.252,18.071,7.12,11.7,0,1.867,2.13,0.74,0.322,75.119,28.421
1/01/1968,ENE,3.147,38.653,1.83,0.28,82.491,1.05,1.74,3,9.717,40.435,13.59,14.9,0,3.345,2.145,0.692,0.435,162.541,41.832
1/02/1968,FEB,3.494,42.907,1.82,0.39,88.028,0.13,1.06,7.4,11.947,19.676,11.8,18.91,15.22,1.25,2.141,1.109,0.366,163.041,46.399
1/03/1968,MAR,2.542,57.758,1.7,0.92,117.65,0.49,1.5,24.1,35.721,69.893,12.78,23.47,10.954,2.851,3.694,7.759,2.616,250.745,60.3
1/04/1968,ABR,0.784,32.816,1.48,0.28,60.458,0.79,1.03,11.3,13.736,46.682,9.59,19.22,12.874,2.646,3.426,4.801,1.777,321.431,33.618
1/05/1968,MAY,0.318,21.882,1.33,0.12,34.731,0.13,0.84,4.7,12.506,20.199,6.17,12.88,2.274,0.99,1.703,0.51,0.06,47.824,22.225
1/06/1968,JUN,0.487,16.113,1.11,0.18,27.823,0.42,0.65,2.7,5.732,17.245,5.61,8.24,0,0.373,1.388,0.239,0.058,23.661,16.566
1/07/1968,JUL,0.505,12.896,0.94,0.04,24.93,0.33,0.49,1.5,6.216,46.856,4.55,5.74,3.562,1.456,1.865,0.135,0.032,22.924,13.411
1/08/1968,AGO,0.489,12.511,0.86,0.21,22.957,0.1,0.44,0.8,5.455,23.372,4.45,7.59,4.835,2.224,1.647,0.112,0.032,25.176,13.075
1/09/1968,SET,0.595,15.205,1.27,0.16,33.157,0.1,0.63,1.7,14.074,19.329,5.12,14.86,0,2.917,3.022,0.242,0.027,30.712,15.768
1/10/1968,OCT,0.946,24.184,1.09,0.24,53.983,0.62,0.8,11.3,45.102,24.119,8.76,21.3,0,5.355,5.232,2.167,0.375,43.531,25.099
1/11/1968,NOV,1.595,31.505,1.29,0.26,61.466,0.28,0.99,6.9,20.127,15.008,8.68,16.37,0,2.654,3.252,1.584,1.051,52.779,33.054
1/12/1968,DIC,2.455,30.146,1.72,0.52,68.756,0.54,1.22,4,9.162,9.446,7.53,9.87,0,0.445,1.957,0.821,0.31,36.74,32.616
1/01/1969,ENE,2.196,26.904,2.24,0.28,73.649,0.91,1.06,9.1,21.077,29.981,6.87,16.86,0,4.455,2.551,0.61,0.186,50.426,28.575
1/02/1969,FEB,4.256,52.145,2.41,0.51,87.731,0.94,0.97,26.9,31.407,58.573,12.35,19.1,0,6.627,5.082,4.629,1.442,69.461,55.607
1/03/1969,MAR,3.401,77.099,2.46,0.67,123.561,2.34,0.14,48.5,50.941,112.53,24.8,20.31,24.72,15.382,11.368,27.649,10.094,174.144,95.283
1/04/1969,ABR,1.406,58.694,2.43,0.44,120.928,2.35,0.85,75.8,96.236,184.144,21.27,31.43,24.992,10.606,14.208,29.963,9.415,326.848,74.197
1/05/1969,MAY,0.436,21.664,2.19,0.12,56.122,0.45,0.69,12.7,25.356,55.332,9.32,13.87,11.16,3.753,6.306,3.8,0.459,85.172,25.287
1/06/1969,JUN,0.624,14.776,1.67,0.15,42.911,0.03,0.98,7.5,19.572,33.912,7.56,10.63,10.023,3.294,5.766,1.887,0.18,49.354,18.156
1/07/1969,JUL,0.629,11.471,1.36,0.08,30.501,0.83,0.6,2.4,8.246,24.642,5.89,7.06,3.749,1.073,2.725,0.45,0.043,39.235,15.324
1/08/1969,AGO,0.525,9.575,1.11,0.1,33.746,0.1,0.62,1.3,4.975,33.714,5.79,6.91,0,1.848,2.408,0.169,0.03,28.923,12.545
1/09/1969,SET,0.655,11.945,1.15,0.21,34.156,0.07,0.64,0.8,8.054,24.537,5.48,8.38,0,1.801,2.127,0.13,0.016,24.265,13.712
1/10/1969,OCT,1.097,20.004,1.33,0.21,61.664,0.52,0.65,2.2,14.422,17.436,7.73,15.61,0,1.201,1.747,0.778,0.122,55.642,22.212
1/11/1969,NOV,1.783,25.017,1.35,0.26,77.469,0.22,0.9,9.8,31.417,32.215,9,25.67,0,3.049,3.047,3.733,0.159,85.59,37.562
1/12/1969,DIC,5.086,62.315,1.68,0.49,140.645,0.11,0.95,33.2,50.502,61.828,13.92,33.11,0,4.625,5.524,12.638,5.611,288.325,97.451
1/01/1970,ENE,8.27,101.33,2.05,0.79,169.051,3.3,1.22,40.7,40.457,109.916,21.02,24.79,0,11.058,8.902,28.18,27.807,334.225,135.792
1/02/1970,FEB,4.173,51.128,1.94,0.47,106.779,2.6,1.12,20.5,20.727,178.323,16.59,18.9,9.272,4.511,3.724,4.366,1.717,208.761,74.859
1/03/1970,MAR,2.666,60.434,2.29,0.58,110.039,4.09,1.45,39.3,42.951,204.749,15.39,21.88,16.865,9.603,5.254,7.992,2.39,255.155,87.097
1/04/1970,ABR,1.401,58.499,2.16,0.2,148.871,2.5,0.99,33.2,46.116,91.86,18.04,18.98,10.324,7.565,9.741,24.119,8.784,247.185,84.106
1/05/1970,MAY,0.818,40.582,1.81,0.13,117.095,0.64,0.54,37.9,66.456,98.641,9.27,27.97,13.889,8.371,14.877,18.061,8.983,197.643,52.444
1/06/1970,JUN,1.143,27.057,1.4,0.25,48.218,0.21,0.63,11.3,23.692,119.483,7.33,15.33,13.26,4.959,7.285,3.516,1.498,103.312,35.274
1/07/1970,JUL,1.065,19.435,1.15,0.22,37.399,0.09,0.7,4.4,9.536,37.41,5.7,10.88,11.208,2.883,4.359,0.958,0.474,64.306,27.208
1/08/1970,AGO,0.93,16.97,0.91,0.26,38.013,0.18,0.72,2.4,5.275,35.768,5.7,8.13,3.17,1.326,3,0.59,0.207,52.581,24.093
1/09/1970,SET,1.258,22.942,1.09,0.16,40.536,0.34,0.84,2.9,11.314,22.338,5.8,10.17,0,1.995,3.887,0.868,0.226,44.582,28.92
1/10/1970,OCT,1.31,23.89,1.14,0.24,60.037,0.37,0.87,10.2,39.402,28.637,5.72,21.11,0,5.408,5.265,3.895,0.636,48.142,31.179
1/11/1970,NOV,2.228,31.272,1.37,0.26,83.311,0.81,0.84,20.5,33.667,30.787,12.68,24.01,0,4.476,4.984,5.754,0.772,64.167,43.263
1/12/1970,DIC,3.509,44.728,1.75,0.43,118.546,0.72,0.93,29.8,49.292,57.572,13.04,24.13,0,6.698,7.773,10.438,4.11,130.03,63.047
1/01/1971,ENE,3.85,45.433,2.13,0.48,126.306,1.08,0.97,18.4,48.627,71.834,20.93,24.48,0,6.792,6.211,4.695,1.719,158.498,87.667
1/02/1971,FEB,5.46,66.904,2.39,0.65,191.366,1.82,1.04,30.9,59.817,143.891,17.51,27.52,14.538,6.929,6.47,10.103,8.288,176.878,111.575
1/03/1971,MAR,4.01,90.902,2.75,0.57,273.372,0.62,0.39,148.1,103.761,744.288,18.14,74.58,73.193,36.09,33.328,54.59,24.89,571.647,132.597
1/04/1971,ABR,1.256,52.427,2.56,0.44,123.745,1.77,1.57,133.9,102.286,439.043,13.02,45.54,95.992,20.906,32.735,29.141,13.613,734.304,91.89
1/05/1971,MAY,0.563,27.937,1.75,0.14,51.447,0.53,0.76,29.7,43.576,102.151,8.64,30.27,21.386,7.396,14.711,5.477,1.505,279.317,32.006
1/06/1971,JUN,0.851,20.149,1.38,0.14,35.414,0.03,0.74,13.6,27.642,100.656,7.27,21.73,12.052,6.546,8.032,1.995,0.545,66.42,25.348
1/07/1971,JUL,0.85,15.504,1.04,0.09,30.253,0.15,0.61,7.5,10.806,65.375,5.93,14.35,13.519,2.988,5.782,1.088,0.42,59.79,20.211
1/08/1971,AGO,0.797,14.542,0.82,0.16,30.836,0.1,0.41,5.9,2.425,52.718,5.16,11.61,7.127,3.967,7.332,1.061,0.372,51.237,19.695
1/09/1971,SET,0.776,14.148,0.84,0.19,28.156,0.02,0.55,5,17.574,43.249,5.26,9.69,0.278,2.99,7.67,1.286,0.152,41.724,19.058
1/10/1971,OCT,1.075,19.603,1.02,0.32,51.935,0.28,0.66,15.6,51.862,37.112,6.73,18.16,0,6.774,10.418,3.999,0.364,70.668,23.337
1/11/1971,NOV,1.313,18.422,1.38,0.3,53.209,0.62,0.96,15.6,36.667,30.208,7.67,15.89,0,3.612,9.953,2.354,0.264,79.56,20.075
1/12/1971,DIC,2.415,29.586,1.64,0.56,98.782,0.08,1.02,19.7,39.182,41.629,13.81,20.18,0,4.238,7.158,4.711,2.076,228.111,43.41
1/01/1972,ENE,3.429,42.018,1.51,0.45,125.106,0.19,1.09,28.9,43.737,68.324,12.26,15.46,6.605,7.661,11.306,9.781,4.06,283.985,77.413
1/02/1972,FEB,4.127,50.531,1.81,0.41,153.464,0.36,1.05,28.4,25.627,82.455,15.21,19.46,31.973,6.137,6.921,8.994,5.817,385.047,81.051
1/03/1972,MAR,5.693,129.037,2.11,0.58,253.714,0.61,1.37,137,81.121,922.155,16.85,24.99,437.985,49.987,48.126,46.13,33.152,829.289,172.639
1/04/1972,ABR,1.648,68.788,2.38,0.44,189.017,1.67,1.08,77.3,64.946,330.556,19.88,20.29,107.257,18.73,15.925,26.048,9.1,414.774,83.057
1/05/1972,MAY,0.678,33.636,2.12,0.37,87.954,0.97,0.97,27.3,34.776,152.89,8.65,21.39,22.64,6.373,8.205,6.491,1.148,187.158,44.971
1/06/1972,JUN,0.928,21.972,1.41,0.16,50.743,0.13,0.85,13.1,18.002,96.605,7.39,13,16.563,5.507,6.961,3.115,0.6,107.092,24.572
1/07/1972,JUL,0.977,17.823,1.3,0.09,31.263,0.63,0.59,6.2,9.496,87.664,5.35,8.54,8.023,4.905,3.804,1.015,0.207,59.934,18.002
1/08/1972,AGO,0.851,15.53,1.15,0.07,28.114,0.1,0.62,4.5,4.505,33.938,4.55,7.16,4.185,3.199,2.753,0.594,0.184,49.624,18.169
1/09/1972,SET,0.813,14.828,1.13,0.75,29.455,0.02,0.57,3.7,9.154,40.586,4.84,7.96,2.218,4.79,2.487,0.337,0.158,51.144,21.134
1/10/1972,OCT,1.06,19.34,1.15,0.15,40.878,0.39,0.61,3.6,14.252,24.306,7.49,11.17,2.52,1.605,3.252,0.623,0.12,63.936,22.519
1/11/1972,NOV,1.497,21.003,1.39,0.44,61.538,0.26,0.84,4.3,15.227,32.137,11.49,17.35,2.022,2.08,2.284,0.913,0.223,65.493,24.837
1/12/1972,DIC,2.539,31.108,1.78,0.59,87.78,0.44,1.05,12.7,23.602,68.66,8.81,17.23,1.128,5.512,4.353,4.824,2.907,113.355,44.939
1/01/1973,ENE,4.757,58.287,2.59,0.42,107.588,2.9,1.45,47.2,26.697,131.011,14.4,19.54,20.815,12.133,7.568,15.57,10.423,256.82,96.069
1/02/1973,FEB,12.137,148.714,2.95,0.66,105.201,3.17,1.33,36.1,25.407,332.92,19.78,21.74,230.82,20.505,10.001,8.602,4.929,297.179,115.258
1/03/1973,MAR,4.592,104.089,2.95,0.43,206.389,1.6,0.63,86.1,50.051,363.575,25.03,29.78,177.811,20.196,21.747,28.254,10.712,611.438,155.901
1/04/1973,ABR,2.774,115.817,2.38,0.36,217.942,1.16,1.04,166.8,132.936,409.838,22.21,53.7,149.448,25.822,33.933,60.871,18.739,583.934,125.131
1/05/1973,MAY,0.662,32.838,2.14,0.07,90.018,0.24,0.72,49.4,48.496,169.654,12,25.33,33.583,10.377,31.074,32.746,1.943,110.62,39.524
1/06/1973,JUN,0.965,22.835,1.65,0.15,36.775,0.007,0.72,18.3,27.792,79.36,9.93,21.99,15.88,6.547,15.515,5.619,1.323,57.29,25.955
1/07/1973,JUL,0.935,17.065,1.39,0.15,27.695,0.26,0.7,10.7,17.286,56.974,8.13,16.7,11.574,4.638,7.301,3.934,1.339,44.689,22.401
1/08/1973,AGO,0.829,15.115,1.3,0.25,27.245,0.16,0.62,7.1,4.095,45.438,5.86,13.91,1.744,4.415,5.142,1.47,0.803,41.078,18.957
1/09/1973,SET,0.925,16.864,1.12,0.15,33.326,0.52,0.63,13.5,30.024,31.173,6.66,14.66,1.312,6.139,5.56,1.974,0.57,53.142,25.109
1/10/1973,OCT,1.856,33.86,1.27,0.44,74.134,0.23,0.89,23.3,37.912,17.585,11.03,17.13,0.918,3.105,6.441,4.336,1.027,86.7,41.5
1/11/1973,NOV,2.388,33.512,1.53,0.6,106.018,0.49,0.95,29.9,42.467,19.522,12.68,18.57,0.795,4.161,6.472,6.114,1.403,157.007,47.391
1/12/1973,DIC,4.137,50.695,1.78,0.3,127.136,0.76,1.09,26.5,29.452,34.498,12.64,18.85,0.892,2.925,3.562,5.181,1.13,200.312,63.171
1/01/1974,ENE,5.811,71.208,1.92,0.66,186.081,0.92,1.01,44.5,44.607,43.907,17.96,23.86,1.337,7.855,5.232,10.491,4.15,449.917,87.506
1/02/1974,FEB,8.322,101.967,2.05,0.58,274.013,2.38,1,83.8,67.367,139.468,34.75,37.45,13.352,12.073,6.612,16.505,3.046,490.474,139.115
1/03/1974,MAR,3.407,77.224,2.28,0.65,259.333,1.35,1.48,75.1,50.681,150.351,24.82,28.79,26.008,7.313,6.126,15.518,3.856,507.749,137.19
1/04/1974,ABR,1.437,59.988,2.01,0.34,153.453,0.84,1.13,29.4,36.906,69.483,17.14,27.03,19.919,5.699,5.265,12.346,1.728,282.428,68.522
1/05/1974,MAY,0.646,32.054,1.61,0.28,54.506,0.53,0.69,14.4,28.216,51.262,10.26,16.74,18.07,3.381,3.925,3.69,0.81,61.948,30.232
1/06/1974,JUN,0.969,22.931,1.37,0.21,37.103,0.01,0.66,9.1,20.202,37.963,8.7,12.76,11.165,4.521,5.161,1.605,0.56,51.555,21.836
1/07/1974,JUL,0.998,18.202,1.05,0.02,25.505,0.22,0.64,4.9,9.846,74.037,7.63,7.9,8.535,6.102,4.552,0.918,0.434,45.391,19.547
1/08/1974,AGO,0.833,15.186,0.88,0.18,22.691,0.27,0.42,2.9,4.195,29.645,7.31,5.59,8.322,2.914,2.349,0.391,0.229,52.63,20.033
1/09/1974,SET,0.802,14.628,0.83,0.19,23.364,0.34,0.55,2.9,16.164,18.634,6.24,10.12,3.021,4.84,4.053,0.45,0.13,51.889,20.697
1/10/1974,OCT,1.034,19.975,0.94,0.13,37.672,0.31,0.46,12.7,47.522,30.802,7.94,14.43,2.498,7.445,4.168,2.157,0.237,54.444,22.64
1/11/1974,NOV,1.344,17.699,1.29,0.36,55.949,0.36,0.73,7.8,26.827,28.086,7.77,20.73,2.554,4.955,2.745,0.868,0.095,61.503,21.962
1/12/1974,DIC,1.834,22.467,1.62,0.53,72.905,0.77,0.91,9.6,30.002,65.86,10.83,18.11,0.661,9.779,2.97,1.081,0.052,65.878,36.638
1/01/1975,ENE,3.836,47.003,1.68,0.38,107.458,0.93,1.28,20.2,59.477,70.154,18.31,25.8,9.808,10.451,8.679,7.546,1.357,168.723,77.045
1/02/1975,FEB,4.15,50.846,1.76,0.49,123.298,0.92,0.95,59.5,73.077,137.318,17.35,40.82,23.466,11.646,8.102,17.892,4.575,365.383,79.375
1/03/1975,MAR,4.904,111.156,2.08,0.47,263.852,0.19,0.01,129.3,109.321,379.256,26.08,72.22,85.857,59.365,29.731,59.949,25.532,795.427,121.97
1/04/1975,ABR,1.135,47.372,2.1,0.26,137.113,0.29,0.82,102.9,117.646,283.449,17.75,51.66,61.563,17.403,28.526,30.773,9.755,283.5,72.944
1/05/1975,MAY,0.695,34.518,1.84,0.12,80.616,0.13,0.73,33.8,55.596,101.628,13.29,35.07,17.01,8.472,11.383,9.268,1.401,166.94,45.215
1/06/1975,JUN,0.911,21.566,1.39,0.21,38.391,0.08,0.69,17.3,28.842,159.336,7.3,22.14,9.695,7.262,6.415,4.13,1.021,101.147,28.746
1/07/1975,JUL,0.834,15.214,1.1,0.03,25.502,0.19,0.6,9.1,14.656,70.229,5.43,15.21,7.77,3.213,8.125,1.198,0.335,60.141,20.011
1/08/1975,AGO,0.787,14.349,0.78,0.22,27.374,0.14,0.49,5,4.005,62.575,5.5,11.06,7.183,3.009,4.621,0.904,0.171,46.24,19.407
1/09/1975,SET,0.897,16.367,1.03,0.4,30.325,0.29,0.58,6.6,25.324,43.441,6.88,15.6,6.481,4.718,9.016,3.441,0.42,49.251,26.423
1/10/1975,OCT,1.389,25.345,0.97,0.25,46.204,0.14,0.77,23.3,61.672,38.531,9.28,25.98,7.34,7.482,15.312,8.652,1.308,61.785,41.626
1/11/1975,NOV,1.592,22.342,1.25,0.27,56.628,0.62,0.76,17.6,30.067,34.491,8.51,18.92,4.522,3.559,8.35,4.617,0.47,50.538,37.717
1/12/1975,DIC,1.833,22.456,1.47,0.4,60.303,0.96,0.92,7.2,14.442,20.572,7.39,11.35,2.785,0.811,4.997,0.987,0.178,41.065,26.232
1/01/1976,ENE,5.132,62.878,1.77,0.57,103.525,0.73,0.91,29.6,42.987,73.701,14.02,28.31,18.974,8.526,12.92,5.641,3.757,105.135,52.741
1/02/1976,FEB,7.731,94.686,2.5,0.65,145.679,1.98,0.96,61.9,51.597,251.437,13.03,29.63,77.439,18.927,12.402,10.187,4.692,175.821,97.562
1/03/1976,MAR,3.819,86.565,2.27,0.66,159.047,1.79,1.17,85.7,59.131,337.702,16.42,38.77,116.338,16.273,10.133,29.053,6.852,264.28,89.133
1/04/1976,ABR,1.444,60.294,2.17,0.1,85.657,1.41,1.14,49.8,67.346,281.019,12.27,33.61,83.125,15.247,11.117,13.61,2.071,155.603,80.197
1/05/1976,MAY,0.609,30.251,1.68,0.08,41.115,0.23,0.91,24.4,34.256,162.037,7.18,19.96,32.859,8.64,10.545,6.266,0.749,77.613,52.169
1/06/1976,JUN,0.861,20.378,1.06,0.15,29.058,0.33,0.68,13.3,26.242,136.613,5.84,13.24,16.447,6.353,8.492,3.261,0.608,68.124,25.916
1/07/1976,JUL,0.815,14.874,0.96,0.1,20.095,0.15,0.59,4.4,9.876,116.898,5.01,7.64,7.127,2.347,3.397,0.854,0.33,48.474,21.381
1/08/1976,AGO,0.72,13.14,0.72,0.17,18.65,0.15,0.53,2.8,4.055,103.98,4.64,4.67,7.624,2.36,2.884,0.437,0.201,50.495,18.161
1/09/1976,SET,0.782,14.268,0.71,0.18,22.144,0.17,0.51,1.8,6.804,55.633,4.75,4.65,6.4,1.971,2.763,0.38,0.118,45.254,17.888
1/10/1976,OCT,0.874,15.936,1.13,0.2,38.962,0.17,0.49,1.4,4.722,33.826,5.71,5.38,7.06,0.674,1.825,0.204,0.036,44.223,17.701
1/11/1976,NOV,1.224,17.176,1.9,0.37,40.426,0.69,0.91,1.8,6.627,45.795,6.07,5.73,9.433,0.917,1.841,0.156,0.025,47.161,19.259
1/12/1976,DIC,1.613,19.764,2.27,0.56,53.761,0.94,1.12,2.3,9.282,64.703,6.17,7.53,30.492,2.242,1.933,0.377,0.027,58.348,21.559
1/01/1977,ENE,3.724,45.633,3.01,0.4,102.621,1.82,1.42,29.7,28.387,77.434,13.39,26.11,14.677,4.924,4.133,8.753,1.609,113.917,44.4
1/02/1977,FEB,8.717,106.809,3.76,0.63,170.188,0.77,1.53,121.4,88.347,160.26,21.08,35.74,69.916,13.866,22.401,53.547,22.803,285.879,94.462
1/03/1977,MAR,4.662,105.664,2.97,0.52,167.205,0.4,0.68,73.6,64.571,197.805,17.86,29.76,124.373,25.212,15.931,23.01,17.086,278.837,103.121
1/04/1977,ABR,1.309,54.671,2.56,0.45,74.325,1.61,1.11,59.2,60.506,216.821,12.13,34.88,78.7,13.392,12.848,11.26,5.725,227.379,49.406
1/05/1977,MAY,0.539,26.761,1.32,0.41,44.109,0.89,1.07,23,34.996,112.791,8.57,21.65,32.65,6.63,8.364,3.569,0.427,119.547,24.726
1/06/1977,JUN,0.685,16.215,1.18,0.18,29.043,0.33,0.65,11.5,20.312,86.381,6.51,13.37,18.287,6.69,6.949,1.382,0.405,75.558,18.987
1/07/1977,JUL,0.728,13.272,1.15,0.09,24.733,0.24,0.65,4.9,9.326,65.188,5.06,7.94,29.01,4.29,3.843,0.682,0.215,57.699,15.455
1/08/1977,AGO,0.768,14.014,1.12,0.2,29.933,0.05,0.65,2.2,5.435,47.192,5.45,5.34,21.789,2.032,2.231,0.545,0.106,59.29,18.241
1/09/1977,SET,0.826,15.075,1.19,0.31,31.584,0.02,0.65,2.3,8.194,38.31,5.22,7.52,10.428,2.981,1.876,0.33,0.036,59.641,16.823
1/10/1977,OCT,0.883,16.1,1.4,0.22,39.471,0.41,0.66,2.9,9.832,36.477,6.27,11.53,11.339,2.187,2.01,0.405,0.032,74.182,17.576
1/11/1977,NOV,2.253,31.616,1.43,0.2,82.571,0.58,0.85,6.1,17.607,16.281,8.73,20.48,4.495,1.828,2.239,0.323,0.025,126.657,27.073
1/12/1977,DIC,3.235,39.637,1.86,0.48,86.079,0.45,0.73,12.5,27.422,36.589,7.86,18.87,5.485,2.046,3.95,1.975,0.495,141.587,30.106
1/01/1978,ENE,3.481,42.655,2.13,0.32,85.357,2.6,1.17,5.9,12.017,37.56,7.56,12.89,24.451,2.058,2.527,0.637,0.124,122.104,49.671
1/02/1978,FEB,8.742,107.116,1.93,0.37,125.609,2.96,0.99,8.3,13.157,53.365,12.15,11.78,17.101,3.477,3.423,1.138,0.585,223.249,120.871
1/03/1978,MAR,3.689,83.606,2.07,0.48,96.988,2.41,0.99,10.4,28.391,85.462,11.83,11.94,18.728,12.927,8.075,2.268,0.412,173.923,97.498
1/04/1978,ABR,1.289,53.816,2.2,0.32,66.533,1.84,0.96,20.3,35.106,96.682,8.41,17.54,25.096,5.773,8.954,4.411,0.46,140.745,55.77
1/05/1978,MAY,0.442,21.942,1.8,0.2,44.278,0.56,0.95,21.4,42.076,69.631,6.43,16.41,19.814,4.43,7.877,5.334,0.836,113.91,24.569
1/06/1978,JUN,0.564,13.345,1.17,0.13,31.841,0.37,0.66,7.2,16.642,68.171,5.77,10.53,12.828,2.285,4.254,0.502,0.083,64.136,13.234
1/07/1978,JUL,0.519,9.464,0.8,0.05,28.488,0.22,0.55,2.8,8.576,49.619,5.64,6.74,6.429,2.319,2.756,0.152,0.026,53.185,11.767
1/08/1978,AGO,0.476,8.678,1.07,0.12,28.133,0.22,0.53,1.4,5.465,57.049,5.01,4.73,5.01,1.702,1.922,0.074,0.02,42.792,12.025
1/09/1978,SET,0.733,13.373,1.21,0.17,35.685,0.48,0.8,1.3,9.114,32.099,6.63,8.82,4.325,2.164,2.096,0.243,0.018,65.884,12.677
1/10/1978,OCT,0.879,16.034,1.31,0.28,37.059,0.21,0.61,1.1,7.222,44.878,6.04,7.67,8.262,1.759,2.182,0.166,0.016,66.75,14.828
1/11/1978,NOV,2.068,29.021,1.15,0.12,69.896,0.25,0.82,3.6,15.537,22.377,7.46,9.03,8.985,3.084,2.513,0.723,0.105,100.152,27.696
1/12/1978,DIC,2.957,36.228,1.64,0.54,78.247,0.58,0.85,6.1,18.672,33.565,8.85,10.29,3.23,2.087,2.814,0.631,0.06,118.44,39.025
1/01/1979,ENE,2.38,29.16,2.46,0.25,73.362,3.07,1.13,11.3,26.087,38.493,7.9,12.68,26.766,3.074,4.059,1.628,0.231,125.832,41.567
1/02/1979,FEB,6.043,74.048,1.86,0.37,128.921,2.75,1.13,26.4,21.347,40.055,14.7,11.85,23.714,3.792,3.052,7.165,3.147,248.506,83.661
1/03/1979,MAR,4.555,103.249,2.39,0.43,243.703,1.68,1.31,123.9,78.841,180.892,26.2,24.06,34.185,11.645,15.857,23.079,15.262,505.335,108.832
1/04/1979,ABR,1.102,46.017,1.85,0.43,98.456,0.87,0.83,29.6,48.656,107.6,11.83,20.32,31.979,5.456,8.542,9.87,4.401,231.268,43.307
1/05/1979,MAY,0.497,24.658,1.56,0.1,52.702,0.35,0.73,13.2,34.556,62.649,8.15,19.91,22.988,3.268,6.673,3.046,0.706,102.074,25.477
1/06/1979,JUN,0.694,16.422,1.33,0.09,35.33,0.31,0.71,6.2,16.102,42.053,6.35,12.12,16.007,1.983,4.75,1.043,0.389,63.122,18.081
1/07/1979,JUL,0.505,9.21,1.17,0.11,29.356,0.16,0.52,2.5,9.816,38.082,5.81,7.92,8.393,0.922,3.226,0.248,0.108,51.588,16.844
1/08/1979,AGO,0.691,12.605,1.34,0.31,29.344,0.06,0.59,1.5,6.295,23.671,5.57,6.2,5.294,0.746,2.033,0.155,0.043,50.615,14.868
1/09/1979,SET,0.906,16.527,1.08,0.16,33.461,0.32,0.66,3.1,15.724,24.074,5.61,8.29,8.6,2.016,2.305,0.345,0.068,61.735,14.427
1/10/1979,OCT,1.053,19.205,1.1,0.23,42.564,0.39,0.59,1.3,8.152,24.567,6.18,7.65,7.837,0.793,1.881,0.187,0.041,73.889,16.09
1/11/1979,NOV,1.581,22.189,1.68,0.54,54.796,0.18,0.84,0.7,7.097,12.384,8.38,6.73,6.292,0.232,1.342,0.156,0.014,100.828,17.9
1/12/1979,DIC,1.005,12.318,2.84,0.61,59.999,1.04,1.04,0.5,7.212,25.911,8.26,4.74,8.098,0.656,1.068,0.126,0.008,113.316,25.661
1/01/1980,ENE,3.622,44.378,2.39,0.43,78.583,0.51,1.33,1,5.757,31.175,9.3,7.42,30.35,1.683,1.247,0.184,0.101,128.769,58.581
1/02/1980,FEB,3.255,39.843,3.53,0.69,74.177,0.34,1.11,3.8,13.447,105.324,9.39,10.84,31.597,1.652,1.409,0.214,0.038,142.286,62.162
1/03/1980,MAR,2.32,52.588,2.9,0.6,69.983,0.4,1.35,8.6,27.121,101.105,10.73,11.09,30.72,7.877,3.749,1.163,0.105,129.477,48.506
1/04/1980,ABR,1.027,42.887,2.12,0.35,56.823,1.17,0.74,12,25.726,137.346,10.15,14.37,26.613,5.664,3.538,2.687,0.184,129.982,43.373
1/05/1980,MAY,0.335,16.632,1.54,0.34,31.442,0.61,0.97,3.3,14.986,62.052,6.88,12.29,24.22,2.036,2.401,0.287,0.01,72.219,16.418
1/06/1980,JUN,0.551,13.035,1.4,0.08,25.82,0.15,0.68,2.1,9.522,55.286,6.57,8.72,13.638,1.343,2.115,0.101,0.01,64.729,13.133
1/07/1980,JUL,0.389,7.101,1.17,0.15,19.92,0.08,0.72,0.4,5.996,46.856,5.04,4.3,7.602,1.772,1.42,0.072,0.007,50.678,11.181
1/08/1980,AGO,0.489,8.92,1.4,0.38,22.338,0.2,0.69,0,5.465,23.895,5.38,2.87,10.413,0.657,1.214,0.057,0.006,54.079,10.055
1/09/1980,SET,0.697,12.721,1.07,0.14,36.559,0.41,0.72,0,3.824,22.917,6.3,2.46,12.211,0.422,0.811,0.033,0.002,72.386,11.622
1/10/1980,OCT,1.47,26.821,1.58,0.22,51.831,0.14,0.81,5.6,26.822,32.37,8.89,18.49,12.227,8.148,2.96,3.045,0.601,108.728,26.335
1/11/1980,NOV,2.027,28.438,2.26,0.35,65.195,0.86,0.88,15.5,38.127,23.418,9.48,25.68,8.302,3.573,4.154,5.961,1.107,138.923,26.283
1/12/1980,DIC,4.234,51.881,2.44,0.46,105.125,1.02,1.03,32.1,34.912,37.485,12.6,17.49,6.541,3.73,4.836,23.819,3.303,238.559,49.339
1/01/1981,ENE,4.146,50.801,2.62,0.55,72.04,2.21,1.62,10.6,14.527,30.429,11.04,14.22,34.009,0.984,2.165,2.4,0.496,159.377,47.339
1/02/1981,FEB,13.888,170.179,2.24,0.5,76.507,1.56,0.95,103.5,69.047,57.292,24.44,26.75,36.281,10.424,14.103,41.92,12.806,477.124,187.357
1/03/1981,MAR,7.356,166.728,2.23,0.53,170.533,1.16,1.19,97.4,50.931,213.523,18.9,30.32,137.033,10.874,14.227,27.909,18.935,394.021,232.484
1/04/1981,ABR,1.179,49.207,1.96,0.31,85.117,1.66,0.89,26.2,45.236,95.332,11.47,35.43,35.077,11.908,7.65,7.517,3,177.721,54.533
1/05/1981,MAY,0.456,22.644,1.74,0.2,37.825,0.54,0.79,11.6,18.236,43.683,7.01,20.36,22.118,2.177,4.733,2.49,0.271,86.748,23.36
1/06/1981,JUN,0.673,15.927,1.4,0.09,25.141,0.15,0.83,7.2,19.882,38.619,5.59,20.06,14.772,4.701,3.623,0.605,0.047,66.863,17.208
1/07/1981,JUL,0.637,11.625,1.2,0.13,23.259,0.1,0.63,3.5,8.516,27.628,4.92,12.61,9.823,2.071,2.547,0.379,0.022,54.731,14.977
1/08/1981,AGO,0.447,8.158,1.15,0.15,21.132,0.13,0.6,1.4,4.435,11.499,4.58,9.41,9.032,0.912,1.714,0.222,0.013,47.592,16.661
1/09/1981,SET,0.531,9.678,0.96,0.28,18.983,0.14,0.55,1.4,6.374,11.381,4,7.34,6.582,0.384,1.734,0.13,0.013,44.421,16.405
1/10/1981,OCT,1.06,19.327,1.62,0.41,46.161,0.3,0.75,6.6,22.802,15.681,7.28,38.87,5.697,2.153,2.804,0.974,0.36,89.582,20.119
1/11/1981,NOV,2.61,36.625,1.67,0.22,75.19,0.58,0.78,15.7,27.147,9.452,13.37,31.45,2.488,1.712,4.01,2.482,0.695,171.013,26.984
1/12/1981,DIC,3.732,45.726,1.9,0.29,70.85,1.06,0.8,20.7,31.742,23.858,17.1,28.18,7.486,3.757,3.163,7.873,1.286,195.027,47.403
1/01/1982,ENE,3.468,42.496,2.03,0.52,72.074,3.07,1.16,12.8,23.607,44.206,13.89,23.1,19.642,1.211,2.246,2.469,0.366,175.777,89.323
1/02/1982,FEB,7.766,95.163,1.89,0.37,125.623,2.02,0.89,29.7,37.037,65.724,16.56,23.12,30.37,2.634,3.556,8.411,3.612,350.225,119.357
1/03/1982,MAR,2.787,63.167,1.74,0.47,40.599,1.1,1.2,20.4,30.691,59.289,13.7,17.25,23.563,2.606,2.512,4.715,1.692,190.043,67.113
1/04/1982,ABR,1.209,50.496,1.7,0.33,71.336,0.93,0.88,33.2,50.746,79.321,13.94,19.93,22.998,5.761,7.768,11.773,1.674,192.777,43.607
1/05/1982,MAY,0.49,24.309,1.46,0.14,41.72,0.24,0.56,16.9,40.706,51.113,8.35,19.29,21.763,2.562,7.267,4.142,0.738,97.735,22.023
1/06/1982,JUN,0.661,15.654,1.25,0.11,29.672,0.02,0.62,7.9,19.562,36.188,5.96,11.93,10.494,1.841,4.641,0.971,0.17,65.463,16.595
1/07/1982,JUL,0.672,12.256,1.12,0.15,23.522,0.31,0.57,3.3,9.546,35.133,4.88,6.82,9.088,1.075,2.248,0.405,0.11,48.873,12.916
1/08/1982,AGO,0.631,11.513,0.83,0.12,21.604,0.1,0.57,1.3,5.645,25.351,4.89,4.76,2.935,0.47,1.779,0.28,0.28,43.039,12.561
1/09/1982,SET,0.632,11.534,1.1,0.31,23.251,0.03,0.66,1.4,9.984,16.512,5.19,7.26,2.415,0.759,1.598,0.1,0.043,48.686,13.567
1/10/1982,OCT,1.133,20.659,1.75,0.47,51.306,0.46,0.9,13.4,41.852,33.08,9.3,29.28,2.337,2.294,4.539,2.173,0.645,107.125,20.294
1/11/1982,NOV,3.007,42.198,1.67,0.31,80.594,0.64,0.86,17.2,33.427,41.049,10.75,29.15,1.358,1.566,5.099,3.225,1.257,181.831,39.525
1/12/1982,DIC,3.17,38.847,2.09,0.37,102.034,1.02,0.94,53.9,69.092,163.941,14,46.18,30.585,5.121,8.479,10.279,1.91,257.065,87.774
1/01/1983,ENE,5.588,68.471,2.98,0.77,116.647,3.34,1.73,85.4,74.487,365.442,16.18,50.77,324.403,12.763,25.047,23.471,15.558,341.401,101.871
1/02/1983,FEB,2.674,32.761,2.39,0.57,78.05,3.93,1.35,49.7,38.767,377.356,12.36,37.58,486.297,16.837,17.429,9.449,1.47,202.609,33.143
1/03/1983,MAR,3.831,86.83,2.49,0.37,142.684,2.54,1.24,174.2,76.891,474.052,26.27,48.85,838.041,42.2,64.198,55.286,22.387,386.129,125.387
1/04/1983,ABR,2.243,93.665,1.96,0.57,154.764,2.16,1.25,152.5,106.306,517.515,19.42,83.39,1162.894,43.591,43.591,49.056,35.267,330.833,106.533
1/05/1983,MAY,0.696,34.556,1.97,0.41,44.487,1.83,0.93,81.4,66.546,309.999,10.55,76.78,858.561,36.65,37.194,16.828,4.513,153.501,25.161
1/06/1983,JUN,0.731,17.321,1.38,0.04,32.375,0.19,0.77,27.6,28.392,184.298,9.38,57.8,521.694,8.017,2.456,8.744,1.358,89.474,17.542
1/07/1983,JUL,0.954,17.391,1.38,0.21,24.639,0.14,0.68,12.5,9.696,116.413,11.17,27.48,118.799,4.414,4.836,1.995,0.207,63.765,16.037
1/08/1983,AGO,0.521,9.505,1.44,0.18,22.57,0.05,0.78,5.8,4.695,71.685,13.05,18.01,24.291,2.176,3.705,0.95,0.082,53.362,16.265
1/09/1983,SET,0.771,14.064,1.41,0.22,22.623,0.17,0.95,6.1,12.204,61.767,12.33,20.71,10.166,2.355,3.918,0.869,0.063,53.962,17.167
1/10/1983,OCT,0.902,16.46,2.23,0.41,34.807,0.58,0.72,8.1,13.082,83.968,13.15,19.92,7.743,5.142,3.952,1.6,0.688,70.463,17.473
1/11/1983,NOV,1.424,19.978,3.34,0.8,47.879,0.54,1.02,6.7,10.397,45.64,10.55,16.38,7.168,2.306,2.72,1.016,0.085,94.293,23.1
1/12/1983,DIC,2.282,27.968,1.96,0.3,78.07,0.8,1.1,27.5,29.752,89.643,7.21,20.45,5.13,3.161,5.102,6.402,1.342,176.884,37.597
1/01/1984,ENE,2.852,34.95,1.89,0.28,62.06,0.34,0.89,15.8,15.737,86.246,11.25,13.9,8.83,1.582,4.645,3.044,0.543,137.385,43.613
1/02/1984,FEB,14.708,180.157,2.02,0.34,236.12,2.1,1.04,188.3,108.607,374.002,22.19,45.02,150.459,24.916,17.566,42.118,29.572,711.045,246.483
1/03/1984,MAR,9.223,209.064,2.34,0.38,289.543,2.09,0.86,173,83.991,319.967,16.55,40.37,234.248,20.696,30.841,26.586,13.584,599.959,177.581
1/04/1984,ABR,1.893,79.044,2.72,0.38,153.702,2.31,1.84,67.8,65.856,269.907,14.48,43.41,122.103,7.288,11.516,9.019,2.513,346.448,85.667
1/05/1984,MAY,0.891,44.24,1.9,0.27,82.524,0.71,0.91,65.4,61.126,120.594,13.01,35.37,71.192,4.72,10.862,12.032,6.11,171.345,38.871
1/06/1984,JUN,1.274,30.156,1.29,0.14,40.514,0.17,0.58,23.4,26.052,101.698,11.95,21.17,26.96,6.783,8.493,6.705,1.292,93.496,21.3
1/07/1984,JUL,0.954,17.399,1.28,0.08,24.298,0.21,0.73,13.1,14.796,68.735,8.11,13.41,26.561,3.269,8.205,2.542,0.559,58.628,19.687
1/08/1984,AGO,0.765,13.952,1.32,0.2,20.86,0.21,0.63,5.1,5.125,39.389,6.17,8.76,16.077,2.247,3.848,1.269,0.136,45.04,17.129
1/09/1984,SET,0.901,16.427,0.98,0.25,24.005,0.14,0.55,4.4,13.804,22.878,6.07,10.6,16.015,1.097,4.276,0.928,0.057,45.136,18.65
1/10/1984,OCT,0.868,15.842,2.03,0.41,55.685,0.5,0.8,18.1,48.162,48.312,8.73,25.02,12.227,5.656,3.718,1.739,0.365,106.675,21.435
1/11/1984,NOV,1.987,27.888,1.71,0.31,43.988,0.34,0.94,8.8,20.927,24.807,7.39,73.08,4.032,1.928,4.811,3.134,0.311,78.79,19.833
1/12/1984,DIC,2.453,30.06,1.9,0.51,74.9,0.32,0.82,19,23.962,40.995,7.78,40.45,3.987,3.381,4.106,6.687,2.264,144.012,31.435
1/01/1985,ENE,3.365,41.234,1.93,0.42,98.522,0.81,1.15,11,13.787,56.974,8.95,25.85,26.564,2.502,3.54,2.858,0.966,142.46,32.016
1/02/1985,FEB,4.984,61.073,2.54,0.64,99.284,1.03,1.07,18,15.397,62.955,12.41,22.09,26.715,5.707,4.684,3.379,0.309,158.507,38.661
1/03/1985,MAR,4.011,90.916,2.29,0.79,113.11,0.62,1.51,23.7,28.251,67.316,12.21,22.3,51.602,8.325,7.372,6.97,1.405,172.452,71.468
1/04/1985,ABR,1.955,81.627,1.86,0.47,98.607,1.31,1.04,15,16.916,58.449,13.13,20.83,22.577,2.15,4.927,7.468,2.507,174.484,60.05
1/05/1985,MAY,0.631,31.339,1.07,0.24,46.121,0.37,0.92,8.7,14.446,54.585,8.19,18.08,16.092,5.69,3.944,3.209,0.738,83.499,29.21
1/06/1985,JUN,0.789,18.674,0.96,0.23,21.873,0.51,0.61,4.8,7.802,55.556,6.55,14.34,10.721,2.189,2.999,1.087,0.234,46.653,18.545
1/07/1985,JUL,0.627,11.433,0.75,0.006,16.99,0.69,0.6,2.4,6.246,33.528,6.18,15.27,11.876,0.704,2.211,0.335,0.125,35.255,15.294
1/08/1985,AGO,0.823,15.004,0.75,0.1,19.107,0.12,0.37,1.3,5.555,31.138,5.73,11.01,4.895,1.769,2.003,0.244,0.063,34.401,14.652
1/09/1985,SET,0.959,17.501,1.11,0.15,62.145,0.47,0.68,1.6,8.274,11.844,7.24,8.96,2.994,2.343,2.295,1.27,0.109,52.218,17.295
1/10/1985,OCT,0.939,17.134,1.15,0.2,55.237,0.63,0.6,2.5,19.832,19.228,7.63,18.17,3.297,3.907,3.052,1.123,0.196,53.213,20.677
1/11/1985,NOV,1.251,17.555,1.56,0.33,79.175,0.93,0.8,1.3,8.037,12.577,8.08,16.75,3.241,0.263,1.463,0.325,0.049,62.725,20.541
1/12/1985,DIC,2.214,27.133,1.83,0.41,67.599,1.06,0.68,8.6,17.052,27.218,8.37,43.85,2.83,2.129,1.474,1.491,0.163,89.844,23.714
1/01/1986,ENE,5.349,65.536,1.96,0.41,171.522,1.43,1.05,22.9,32.357,58.841,14.15,30.11,8.74,5.568,4.261,13.84,2.971,174.276,62.798
1/02/1986,FEB,5.57,68.247,2.08,0.54,144.159,1.12,1.28,25.3,39.637,137.732,14.14,33.48,7.846,2.316,4.372,7.766,1.599,165.605,51.364
1/03/1986,MAR,4.881,110.63,2.06,0.66,128.156,3.02,1.51,20.4,31.761,110.626,14.31,25.67,8.023,2.563,5.43,8.679,1.798,198.153,84.955
1/04/1986,ABR,2.133,89.069,2.3,0.61,127.374,2.35,1.18,68.7,87.596,147.724,17.88,39.12,6.238,11.494,18.863,23.287,10.18,269.232,77.417
1/05/1986,MAY,0.79,39.191,1.62,0.61,47.798,1.3,1.09,21.1,44.876,81.952,8.33,26.71,7.684,4.326,15.339,6.724,3.709,105.856,39.194
1/06/1986,JUN,0.826,19.542,1.39,0.14,26.043,0.05,0.8,6.7,15.942,40.316,5.75,19.1,5.316,0.844,5.675,1.184,0.289,54.588,18.817
1/07/1986,JUL,0.616,11.23,1.11,0.13,20.391,0.14,0.51,2.8,9.036,43.907,4.19,17.58,3.935,0.788,2.816,0.428,0.094,40.769,14.581
1/08/1986,AGO,0.608,11.101,0.93,0.19,18.584,0.19,0.49,1.2,4.565,26.322,3.74,11.98,3.566,1.44,2.384,0.251,0.039,38.222,12.387
1/09/1986,SET,0.781,14.24,0.84,0.23,23.278,0.09,0.58,1.1,7.834,31.636,4.87,7.82,2.681,0.412,2.365,0.279,0.021,39.742,18.25
1/10/1986,OCT,0.891,16.258,1.29,0.24,39.47,0.35,0.52,1.4,13.952,22.7,6.01,10.78,2.311,0.96,2.267,0.334,0.014,57.006,17.919
1/11/1986,NOV,1.326,18.612,1.43,0.34,62.824,0.12,0.84,7.1,33.337,29.321,9.45,25.89,2.87,3.439,4.844,1.262,0.219,82.959,20.067
1/12/1986,DIC,1.663,20.383,1.73,0.47,79.938,0.25,0.88,8.7,29.242,46.632,10.89,33.74,2.785,4.921,4.637,4.039,2.089,131.621,24.226
1/01/1987,ENE,10.554,129.324,2.18,0.55,171.345,2.98,1.48,53.3,81.187,72.394,21.5,46.33,4.764,9.524,10.469,19.229,15.29,301.586,156.806
1/02/1987,FEB,11.755,144.042,2.39,0.61,156.633,3.67,1.66,61.1,65.517,88.004,18.35,43.68,44.564,11.604,17.88,21.397,14.571,292.714,188.75
1/03/1987,MAR,4.901,111.092,2.09,0.45,128.336,2.9,1.13,29.7,37.461,148.335,14.96,30.93,207.807,10.617,12.704,9.964,4.531,215.41,129.935
1/04/1987,ABR,1.235,51.542,2.16,0.51,82.413,1.59,0.77,19.9,27.036,129.167,11.13,34.2,86.578,3.338,9.101,11.721,1.271,159.067,33.65
1/05/1987,MAY,0.693,34.389,2.06,0.16,49.688,0.67,0.77,18.8,26.366,100.844,8.14,23.5,83.068,2.613,5.574,5.79,0.622,113.706,17.181
1/06/1987,JUN,0.635,15.024,1.67,0.1,25.79,0.007,0.91,4.7,10.232,79.282,6,12.4,27.724,0.375,3.004,0.798,0.045,55.173,13.67
1/07/1987,JUL,0.695,12.678,1.39,0.22,22.092,0.06,0.7,2.2,7.616,86.022,5.42,13.52,5.552,1.023,2.036,0.511,0.019,46.301,12.065
1/08/1987,AGO,0.729,13.3,0.94,0.18,17.255,0.38,0.61,2.1,4.355,34.722,5.24,12.89,2.528,0.863,2.093,0.37,0.016,41.365,11.032
1/09/1987,SET,0.701,12.778,0.85,0.16,37.538,0.61,0.58,1.7,11.704,31.829,5.75,18.04,1.424,0.313,1.998,0.276,0.016,48.877,14.975
1/10/1987,OCT,0.903,16.477,1.55,0.26,52.219,0.12,0.62,4.3,15.632,30.242,5.43,21.36,0.915,0.687,2.505,0.283,0.012,62.397,18.961
1/11/1987,NOV,1.766,24.78,1.7,0.19,77.498,0.67,0.75,7.3,19.307,22.377,8.48,30.8,1.559,0.59,2.479,1.669,0.168,114.259,25.591
1/12/1987,DIC,4.264,52.253,2.13,0.48,112.691,0.88,0.89,8.8,14.302,30.093,10.66,27.2,2.67,1.449,1.625,1.031,0.048,173.577,29.929
1/01/1988,ENE,8.256,101.367,2.89,0.65,152.339,3.28,1.75,28.2,34.597,64.404,19.64,43.08,2.009,3.686,2.489,9.267,4.318,254.418,43.281
1/02/1988,FEB,10.88,133.261,3.43,0.59,145.727,3.87,1.74,53.3,61.977,127.315,20.58,69.19,3.294,5.694,7.717,17.929,13.397,314.396,187.345
1/03/1988,MAR,2.78,63.005,2.64,0.53,98.626,4.42,1.25,29.1,36.871,89.643,14.03,39.94,3.013,4.487,4.312,9.206,3.994,191.027,61.677
1/04/1988,ABR,1.648,68.813,2.02,0.5,120.746,2.65,0.93,39.1,50.646,106.906,17.05,43.62,1.219,7.434,6.88,24.353,7.41,243.248,57.267
1/05/1988,MAY,0.822,40.796,1.52,0.15,59.877,0.98,0.52,18.4,35.276,64.031,10.53,29.65,1.393,3.166,7.21,11.768,1.67,124.017,36.575
1/06/1988,JUN,0.692,16.385,1.16,0.14,30.169,0.17,0.67,8,18.382,29.784,7.02,20.74,1.809,0.557,3.527,2.833,0.308,62.162,16.748
1/07/1988,JUL,0.51,9.304,1.22,0.08,21.566,0.31,0.55,2.4,9.306,41.405,6.14,12.4,1.079,0.258,2.309,0.874,0.045,46.133,12.052
1/08/1988,AGO,0.56,10.209,1.06,0.1,21.935,0.23,0.55,0.7,6.045,22.588,5.87,8.02,0.504,0.22,2.163,0.292,0.011,41.389,13.703
1/09/1988,SET,0.633,11.544,0.84,0.17,36.05,0.22,0.61,0.7,9.224,16.358,6.06,10.87,0.54,0.383,1.988,0.191,0.009,48.476,17.147
1/10/1988,OCT,0.864,15.767,1.02,0.14,49.905,0.18,0.6,4.1,17.712,26.994,9.24,18.63,0.717,1.641,3.907,1.423,0.134,61.813,19.658
1/11/1988,NOV,1.225,17.19,1.75,0.28,63.072,0.23,0.77,14.2,32.647,30.671,10.31,33.06,1.138,2.37,4.731,3.206,0.245,85.661,17.02
1/12/1988,DIC,2.487,30.474,1.96,0.46,57.155,0.34,1.03,9.3,18.332,24.492,8.4,37.97,1.396,0.583,2.684,1.865,0.281,87.798,28.676
1/01/1989,ENE,5.867,71.9,1.73,0.39,128.754,0.54,0.9,36.6,66.677,112.941,14.53,79.28,1.094,4.722,5.027,10.949,3.178,203.241,78.252
1/02/1989,FEB,9.884,121.112,2.63,0.57,193.13,0.98,0.93,128.5,97.887,292.907,19.09,100.24,106.515,14.362,19.643,27.193,20.714,339.423,109.739
1/03/1989,MAR,5.535,125.456,2.78,0.44,207.225,0.08,0.72,110.4,73.271,338.896,20.18,114.71,227.128,15.424,14.198,22.022,8.032,345.226,134.955
1/04/1989,ABR,0.596,24.894,2.07,0.2,181.309,0.3,0.88,94.9,91.306,266.705,15.88,128.89,109.302,11.494,14.063,27.336,8.433,312.688,137.503
1/05/1989,MAY,0.618,30.68,1.34,0.1,58.412,0.19,0.67,23.9,29.176,143.817,8.98,71.81,14.315,2.485,5.837,7.88,1.414,106.014,44.461
1/06/1989,JUN,0.835,19.758,1.26,0.24,29.901,0.18,0.67,9.1,14.062,107.485,7.52,38.54,8.349,3.959,4.208,1.251,0.149,61.294,24.73
1/07/1989,JUL,0.914,16.673,1.01,0.01,20.353,0.38,0.52,4.8,8.286,74.41,4.79,18.99,3.801,1.079,3.229,0.658,0.07,39.876,17.426
1/08/1989,AGO,0.842,15.365,0.86,0.17,21.094,0.18,0.45,2.2,6.745,38.68,4.86,12.63,2.819,0.527,1.984,0.449,0.04,33.78,14.795
1/09/1989,SET,0.728,13.283,0.83,0.25,23.634,0.09,0.47,3.6,10.604,27.315,6,12.53,1.948,0.763,2.72,0.364,0.025,37.449,13.702
1/10/1989,OCT,1.047,19.09,1.26,0.2,52.215,0.23,0.55,20.9,40.092,58.244,10.02,25.13,7.187,1.206,5.484,6.014,0.849,100.527,15.084
1/11/1989,NOV,1.362,19.113,1.5,0.33,53.379,0.39,0.87,13.5,19.027,26.582,7.57,16.95,6.003,0.313,3.573,2.406,0.31,90.54,17.51
1/12/1989,DIC,1.687,20.67,1.88,0.75,45.314,0.36,1.03,4.1,11.192,16.876,8.18,9.21,0.825,0.163,1.842,0.533,0.023,67.335,22.371
1/01/1990,ENE,2.881,35.306,2.44,0.28,88.667,1.31,1.08,6,6.377,57.609,9.3,6.67,0.03,1.908,1.459,0.466,0.876,133.239,26.584
1/02/1990,FEB,3.438,42.128,2.09,0.31,80.23,0.56,0.94,18.4,26.067,87.715,11.85,20.67,0.905,5.068,3.067,3.483,0.898,131.262,30.041
1/03/1990,MAR,2.138,48.458,2.13,0.69,85.333,0.44,0.62,15.5,25.071,94.609,11.21,10.12,0.004,7.82,4.894,5.405,0.386,116.596,64.774
1/04/1990,ABR,0.805,33.597,2.08,0.3,64.202,1.21,0.8,14.4,32.726,148.727,8.37,25.75,0.309,4.568,4.845,2.338,0.167,88.703,34.813
1/05/1990,MAY,0.408,20.246,1.38,0.11,43.579,0.15,0.89,10.5,28.176,95.804,6.72,18.62,0.844,1.974,5.217,1.394,0.066,52.025,18.939
1/06/1990,JUN,0.551,13.042,1.09,0.14,23.942,0.47,0.81,5.3,26.782,98.303,7.03,14.02,0.282,5.081,3.901,0.621,0.096,47.963,12.14
1/07/1990,JUL,0.51,9.298,1.17,0.05,17.717,0.43,0.6,2.2,10.336,55.929,5.43,7.13,0.508,2.627,2.238,0.225,0.087,38.808,10.235
1/08/1990,AGO,0.504,9.2,1.15,0.07,19.195,0.25,0.59,0.4,6.255,35.842,4.72,4.38,0.485,0.235,1.029,0.118,0.064,38.355,9.242
1/09/1990,SET,0.511,9.329,0.93,0.19,23.052,0.35,0.52,1.1,5.674,25.965,4.65,3.72,0.162,0.316,0.821,0.113,0.037,37.772,9.367
1/10/1990,OCT,1.472,26.853,1.65,0.37,58.32,0.22,0.76,8.3,26.882,26.06,8.51,22.89,0,4.078,2.038,1.399,0.358,84.716,29.935
1/11/1990,NOV,1.462,20.521,1.8,0.41,89.984,0.38,0.95,16.4,28.167,32.485,9.76,25.25,0,3.297,2.642,6.963,1.722,143.373,43.5
1/12/1990,DIC,2.988,36.613,1.85,0.56,73.926,0.04,0.96,18,33.652,47.64,9.58,22.56,0.06,2.106,3.642,4.87,1.082,114.298,20.097
1/01/1991,ENE,3.388,41.513,1.98,0.25,75.056,2.8,1.53,5.7,11.647,55.145,10.14,11.89,0,1.253,1.58,1.822,0.138,120.504,41.661
1/02/1991,FEB,4.61,56.495,2.13,0.31,85.868,2.4,1.02,9.7,24.797,106.11,12.45,14.91,0.244,5.933,2.796,4.419,0.696,143.836,78.107
1/03/1991,MAR,2.824,64.007,2.41,0.31,218.072,1.12,0.23,50.5,82.601,236.559,27.87,36.15,2.763,5.9,9.51,12.191,3.014,353.973,120.161
1/04/1991,ABR,1.41,58.91,2.36,0.38,57.796,1.3,0.93,28.4,55.256,132.562,10.74,26.49,0.671,2.41,8.113,7.357,1.393,134.748,54.5
1/05/1991,MAY,0.77,38.215,1.47,0.26,54.998,0.71,0.97,19.4,46.026,79.674,10.06,21.28,0.489,1.51,9.361,6.339,1.298,89.978,35.387
1/06/1991,JUN,0.573,13.559,0.75,0.13,30.048,0.51,0.68,5,11.852,51.505,7.54,14.75,0.883,0.605,3.16,0.901,0.112,49.224,20.333
1/07/1991,JUL,0.504,9.187,0.84,0.02,24.056,0.2,0.61,1.7,5.896,51.262,6.25,6.97,0,0.223,1.577,0.369,0.049,38.796,16.084
1/08/1991,AGO,0.534,9.75,1.07,0.16,25.123,0.26,0.5,0.4,4.935,32.781,6.46,3.83,0.28,0.121,1.05,0.207,0.046,38.557,10.968
1/09/1991,SET,0.539,9.839,0.91,0.35,23.819,0.04,0.52,0.4,4.184,17.978,6.16,3.03,0.073,0.161,0.703,0.101,0.037,39.335,8.967
1/10/1991,OCT,0.71,12.949,1.12,0.25,38.377,0.13,0.7,1.1,4.622,21.431,8.43,4.97,1.478,0.285,1.254,0.218,0.045,54.195,13.597
1/11/1991,NOV,1.229,17.243,1.27,0.19,38.055,0.35,0.83,2.2,8.527,28.858,10.43,6.19,0.644,0.477,1.47,0.877,0.307,61.608,14.983
1/12/1991,DIC,2.909,35.646,1.51,0.66,58.521,0.04,1.02,5,12.682,19.041,11.37,7.92,0.142,0.511,2.442,1.146,0.422,85.251,14.452
1/01/1992,ENE,2.301,28.203,2.34,0.31,64.306,0.61,0.93,14.6,22.777,38.008,9.59,13.57,0,2.545,4.869,1.81,0.141,92.148,31.694
1/02/1992,FEB,2.398,29.211,2.55,0.46,48.975,0.93,1.1,7.2,12.287,76.788,10.12,11.22,0.442,2.638,3.421,0.571,0.065,76.18,17.586
1/03/1992,MAR,2.51,56.899,2.13,0.56,87.949,0.78,1.45,20.5,27.661,155.354,15.97,14.6,186.309,9.942,9.427,7.096,1.239,131.175,66.935
1/04/1992,ABR,0.855,35.702,1.63,0.23,73.757,1.23,1.06,42.3,50.136,207.253,11.84,21.43,462.685,11.928,15.618,9.827,0.812,108.765,40.5
1/05/1992,MAY,0.368,18.252,1.32,0.07,40.982,0.42,0.73,16.9,28.706,104.391,9.88,13.29,83.162,1.531,8.192,4.955,0.339,59.129,14.984
1/06/1992,JUN,0.491,11.611,1.19,0.15,24.328,0.35,0.66,7.6,16.522,88.349,7.13,7.71,13.754,1.989,5.368,1.036,0.273,38.497,12.283
1/07/1992,JUL,0.455,8.293,0.68,0.08,19.147,0.15,0.47,1.6,6.386,59.289,5.95,4.95,3.271,0.771,2.321,0.163,0.057,30.504,11.129
1/08/1992,AGO,0.429,7.818,0.82,0.3,16.053,0.04,0.51,0.4,5.175,37.448,5.58,3.17,0.452,0.485,1.104,0.093,0.032,29.687,11.281
1/09/1992,SET,0.429,7.818,0.95,0.27,17.858,0.003,0.56,1.2,8.524,41.59,5.71,10,0,0.706,1.222,0.061,0.032,29.249,10.5
1/10/1992,OCT,0.559,10.19,0.91,0.18,31.794,0.57,0.48,5.3,16.872,28.973,9.95,17.5,0,1.061,1.914,0.104,0.243,48.145,14.146
1/11/1992,NOV,0.867,12.16,1.26,0.17,32.884,0.05,0.8,6.4,11.907,36.69,7.63,13.83,0,0.752,1.747,0.132,0.271,47.573,16.6
1/12/1992,DIC,1.85,22.675,2.09,0.55,44.376,0.86,0.9,3.9,7.392,48.051,7.74,8.55,0,1.35,1.689,0.048,0.043,60.064,17.958
1/01/1993,ENE,2.012,24.649,1.87,0.32,80.91,0.9,0.94,3.8,12.027,60.335,12.11,14.61,0,1.039,2.043,0.71,1.045,105.059,26.129
1/02/1993,FEB,6.135,75.182,2.19,0.33,162.512,1.59,0.99,50.4,43.797,142.692,23.94,36.2,17.32,5.156,6.739,15.535,6.714,324.371,91.107
1/03/1993,MAR,3.687,83.565,2.51,0.61,179.365,0.41,1.2,166.5,61.921,579.04,25.59,69.37,243.578,20.032,20.838,28.28,9.101,740.335,134.968
1/04/1993,ABR,2.348,98.025,2.11,0.4,171.748,0.37,0.92,113,118.836,493.364,15.26,90.61,158.681,12.188,18.013,26.509,8.64,616.425,144.433
1/05/1993,MAY,1.147,56.926,1.48,0.26,63.071,0.34,0.95,33.7,55.766,228.681,10.08,70.21,26.807,3.598,12.099,12.746,1.75,170.269,51.484
1/06/1993,JUN,0.621,14.71,0.8,0.15,27.566,0.33,0.51,11.9,23.102,177.045,7.34,32.93,27.122,1.57,6.724,3.463,0.381,62.003,18.767
1/07/1993,JUL,0.673,12.274,0.86,0.06,23.835,0.19,0.45,4.8,11.306,84.864,5.46,19.07,9.521,0.739,3.388,1.101,0.192,43.807,14.129
1/08/1993,AGO,0.65,11.857,1.05,0.15,24.04,0.12,0.47,2,7.955,59.737,4.16,13.4,1.045,0.601,1.968,0.538,0.047,38.807,13.565
1/09/1993,SET,0.574,10.474,1.76,0.18,37.118,0.11,0.77,2.7,9.044,45.833,6.25,21.09,0.231,0.876,2.812,0.765,0.291,57.645,13.05
1/10/1993,OCT,0.699,12.755,1.32,0.23,60.319,0.5,0.68,16.7,30.332,58.281,8.03,42.95,0.336,2.241,4.818,3.77,0.978,96.195,15.242
1/11/1993,NOV,1.254,17.596,1.61,0.36,119.205,0.39,0.87,35.51,47.087,67.978,9.4,50.3,1.196,1.339,6.642,12.26,2.858,202.907,25.233
1/12/1993,DIC,2.497,30.6,2.26,0.35,145.084,0.98,0.96,28.13,22.502,146.617,15.07,29.52,1.045,1.709,4.547,7.632,3.091,275.851,38.258
1/01/1994,ENE,7.992,97.929,2.05,0.76,201.079,2.54,1.78,69.88,64.607,223.529,19.25,49.61,4.779,2.254,9.121,19.236,6.372,369.102,56.097
1/02/1994,FEB,9.111,111.635,2.57,0.61,274.515,3.37,1.25,83.91,72.107,409.061,24.61,59.54,78.786,6.703,6.085,31.909,9.29,471.795,136.071
1/03/1994,MAR,3.671,83.203,2.2,0.45,250.473,1.7,1.5,119.76,96.181,413.605,28,74.47,110.29,9.047,19.198,26.755,14.782,391.206,112.274
1/04/1994,ABR,1.339,55.911,2.28,0.35,162.172,1.77,1.13,115.93,89.066,450.347,24.58,65.79,154.437,10.764,21.821,25.484,4.971,262.47,87.033
1/05/1994,MAY,0.927,46.014,1.94,0.14,64.391,0.51,0.7,35.81,35.756,168.608,11.8,31.36,34.946,3.885,12.58,14.508,2.385,50.03,33.484
1/06/1994,JUN,0.803,19.015,1.28,0.19,34.985,0.007,0.59,16.34,17.912,129.321,7.36,17.34,49.113,1.877,7.213,5.521,0.66,44.923,21.567
1/07/1994,JUL,0.735,13.414,1.07,0.08,31.123,0.4,0.53,15.57,8.926,87.44,5.61,9.35,6.496,1.301,4.428,2.952,0.286,48.028,19.032
1/08/1994,AGO,0.574,10.469,0.66,0.04,29.181,0.41,0.42,2.39,5.995,57.646,5.21,5.27,3.024,0.76,2.313,1.047,0.157,40.63,19.161
1/09/1994,SET,0.578,10.55,0.6,0.2,25.909,0.17,0.44,2.32,5.124,61.574,5.39,6.57,2.276,0.826,1.96,0.899,0.108,45.468,19.067
1/10/1994,OCT,0.616,11.241,0.94,0.18,27.443,0.28,0.46,3.72,4.642,47.08,5.3,8.4,1.829,0.818,2.214,0.348,0.054,44.602,20.339
1/11/1994,NOV,1.22,17.118,1.13,0.18,43.136,0.3,0.65,6.59,18.907,46.914,6.85,18.29,0.193,1.638,2.883,1.373,0.207,70.605,22.133
1/12/1994,DIC,2.162,26.484,1.69,0.59,62.768,0.41,0.84,11.01,32.222,58.916,14.81,22.83,0.037,3.374,4.089,4.327,0.737,103.154,27.661
1/01/1995,ENE,2.964,36.313,3.04,0.44,91.806,1.47,1.12,9.1,15.067,59.812,12.86,15.89,0,4.11,4.592,3.761,1.257,141.888,43.645
1/02/1995,FEB,2.519,30.863,3.38,0.59,87.32,1.04,1.48,47.41,44.097,76.596,14.25,32.23,11.905,5.228,10.884,6.197,2.019,151.905,53.321
1/03/1995,MAR,1.988,45.053,3.3,0.82,152.272,0.83,1.51,43.74,42.461,107.863,19.68,33.95,8.027,3.799,7.329,7.679,0.945,227.951,78.323
1/04/1995,ABR,1.012,42.265,2.69,0.44,143.682,2.49,1.41,41.49,49.896,112.153,15.7,34.78,5.71,2.69,8.038,11.271,3.099,230.104,75.377
1/05/1995,MAY,0.603,29.949,1.98,0.21,51.678,0.72,0.97,14.43,25.346,82.699,6.32,25.99,1.493,1.747,5.263,4.514,0.459,77.821,45.74
1/06/1995,JUN,0.555,13.142,1.25,0.18,32.444,0.01,0.71,5.83,11.602,47.569,4.94,15.02,0.81,0.629,3.385,1.866,0.169,46.706,24.633
1/07/1995,JUL,0.571,10.416,1.05,0.13,24.646,0.13,0.64,3.23,7.766,44.878,3.72,10.79,0.112,0.672,2.656,0.904,0.134,38.657,16.187
1/08/1995,AGO,0.521,9.507,0.83,0.12,30.686,0.43,0.6,1.49,6.615,9.782,3.99,7.62,0,0.228,1.611,0.627,0.128,41.124,14.981
1/09/1995,SET,0.55,10.031,1.01,0.14,33.994,0.79,0.59,1.33,4.704,11.651,5.47,6.51,0.463,0.209,1.462,0.202,0.08,42.982,14.383
1/10/1995,OCT,0.589,10.746,1.01,0.22,40.59,0.08,0.54,2.5,11.382,13.366,5.98,17.14,0,0.297,2.359,0.856,0.2,47.319,14.129
1/11/1995,NOV,1.212,17.003,1.35,0.3,67.949,0.23,0.7,13.53,35.797,30.401,9.95,33.15,0.154,1.379,4.343,4.053,0.855,94.787,19.67
1/12/1995,DIC,2.344,28.718,2.4,0.49,88.755,1.05,1.08,18.25,38.892,25.687,8.42,46.74,0,3.047,4.604,4.227,1.073,114.403,22.516
1/01/1996,ENE,4.151,36.567,2.2,0.81,135.052,1.71,1.29,39.14,52.387,54.324,21.46,32.84,0.224,2.085,6.631,8.046,4.97,219.999,48.258
1/02/1996,FEB,8.831,52.819,2.25,0.48,188.033,1.89,0.96,71.09,74.067,102.371,26.8,48.78,0.455,5.005,10.502,19.812,10.463,309.736,60.293
1/03/1996,MAR,6.013,63.906,2.45,0.58,201.151,1.13,1.16,116.47,94.311,216.697,25.66,68,18.257,9.559,13.23,20.733,9.239,357.374,74.726
1/04/1996,ABR,2.231,55.435,1.85,0.36,159.691,1.57,1.4,66.51,70.846,98.225,24.64,62.87,0.386,4.132,9.966,19.309,5.017,313.308,72.76
1/05/1996,MAY,0.653,22.335,1.38,0.19,50.767,0.51,0.73,19,30.966,55.257,10.85,33.4,0.112,2.303,6.609,9.639,1.2,103.222,28.924
1/06/1996,JUN,0.744,17.874,1.01,0.17,31.859,0.15,0.62,8.9,16.752,39.043,7.53,20.26,0.309,1.168,4.896,3.776,0.695,54.47,20.288
1/07/1996,JUL,0.619,13.654,1.03,0.1,28.502,0.15,0.55,3.48,8.486,42.339,6.48,12.03,0.672,0.455,2.829,1.445,0.394,42.657,16.542
1/08/1996,AGO,0.554,11.856,1.1,0.34,32.734,0.15,0.63,1.39,7.265,22.289,6.11,8.68,0.597,0.423,1.324,0.412,0.196,41.826,15.087
1/09/1996,SET,0.464,11.722,0.89,0.29,34.156,0.03,0.46,1.72,6.684,15.008,5.95,8.92,0.193,0.391,1.35,0.229,0.125,41.212,14.73
1/10/1996,OCT,0.618,14.513,1.48,0.24,42.739,0.18,0.87,6.36,25.232,17.511,8.84,41.59,0,1.625,3.377,1.027,0.271,63.553,14.387
1/11/1996,NOV,1.111,16.092,1.59,0.37,44.892,0.89,0.93,5.94,23.407,13.465,8.14,28.48,0.154,1.04,2.595,1.914,0.435,73.226,16.537
1/12/1996,DIC,2.353,19.875,1.6,0.56,43.568,0.81,0.76,2.68,10.002,14.673,9.92,16.7,0.672,0.713,1.426,0.265,0.275,69.691,20.41
1/01/1997,ENE,3.807,32.77,1.81,0.26,73.071,1.85,0.86,3.42,8.332,9.185,7.38,12.87,0.075,0.554,1.942,0.24,0.16,103.605,50.645
1/02/1997,FEB,5.273,49.094,1.85,0.37,137.109,1.43,0.97,27.25,56.148,21.991,14.84,34.75,0,7.829,10.252,6.237,3.029,192.155,67.429
1/03/1997,MAR,2.765,33.223,1.98,0.64,89.685,1.3,0.43,19.32,35.068,38.045,10.52,23.42,0.261,4.876,7.694,4.33,2.888,135.586,61.703
1/04/1997,ABR,0.651,20.597,2.01,0.33,46.046,2.09,1.21,15.49,37.999,72.029,6.98,26.83,1.273,3.185,8.645,3.327,0.739,73.213,22.15
1/05/1997,MAY,0.312,16.726,1.53,0.21,37.321,0.29,0.63,11.27,24.359,74.037,5.72,17.69,0.448,2.059,5.54,2.773,1.935,57.949,19.055
1/06/1997,JUN,0.382,11.02,1.24,0.2,28.546,0.007,0.6,4.24,10.667,20.525,4.68,12.85,1.119,0.563,3.552,0.317,0.336,39.396,12.36
1/07/1997,JUL,0.494,9.842,1.21,0.18,25.539,0.18,0.63,1.46,5.319,30.354,4.04,7.83,2.091,0.441,1.961,0.165,0.172,37.551,11.166
1/08/1997,AGO,0.421,10.068,0.94,0.08,29.752,0.47,0.56,0.37,4.381,22.588,3.93,4.53,0,0.303,0.853,0.115,0.12,37.579,11.165
1/09/1997,SET,0.433,11.822,0.72,0.17,37.752,0.64,0.53,0.45,3.491,17.361,4.58,4.86,0.154,0.105,1.029,0.047,0.043,48.523,11.908
1/10/1997,OCT,0.471,13.851,0.99,0.28,38.15,0.24,0.75,2.69,4.411,10.715,5.71,6.94,0,0.246,1.553,0.045,0.066,52.473,13.497
1/11/1997,NOV,1.433,21.481,1.99,0.94,75.753,0.73,0.99,16.43,19.72,40.818,11.02,19.58,0,1.705,7.575,0.917,0.766,112.276,26.027
1/12/1997,DIC,4.423,43.482,2.27,0.53,192.905,0.45,1.23,72.66,41.064,86.992,21.81,36.23,107.639,6.486,8.106,14.542,5.878,279.134,58.99
1/01/1998,ENE,5.878,77.495,3.437,1.027,277.17,2.435,1.401,115.33,56.943,84.677,22.44,38.82,706.765,72.704,48.01,27.22,24.804,390.387,80.774
1/02/1998,FEB,8.105,97.147,4.233,0.993,477.959,3.163,1.66,230.23,62.576,382.193,25.21,41.92,1225.86,140.054,88.46,51.881,21.319,522.25,101.611
1/03/1998,MAR,4.232,113.083,3.524,0.525,542.521,2.515,1.429,321.45,90.382,589.419,21.59,55.54,1659.088,154.702,96.969,98.018,54.494,617.258,100.261
1/04/1998,ABR,1.621,75.41,3.049,0.175,349.726,2.081,1.274,173.6,132.953,736.073,17.96,80.75,1207.214,117.604,64.308,25.003,9.526,342.951,71.84
1/05/1998,MAY,0.625,32.788,2.182,0.169,104.263,1.288,0.991,63.34,53.825,448.589,9.57,48.47,322.319,63.564,15.53,15.307,2.282,142.204,45.769
1/06/1998,JUN,0.888,20.812,1.045,0.16,40.684,0.248,0.621,21.65,18.822,173.148,8.23,23.59,106.559,9.524,5.467,4.882,0.645,70.045,29.4
1/07/1998,JUL,0.915,14.636,1.058,0.1,27.255,0.26,0.625,10.25,8.037,96.625,6.97,13.57,38.008,3.477,3.267,1.402,0.202,52.344,27.245
1/08/1998,AGO,0.818,12.943,0.996,0.154,25.967,0.203,0.605,5.77,6.748,60.26,6.22,8.79,32.706,2.004,3.316,0.67,0.106,50.444,23.752
1/09/1998,SET,0.825,13.693,1.009,0.195,30.567,0.215,0.609,4.36,7.556,37.5,6.36,10.03,3.086,2.317,4.802,1.65,0.27,50.213,24.3
1/10/1998,OCT,0.97,19.932,1.786,0.56,57.466,0.926,0.862,7.4,10.1,47.603,10.12,18.88,1.419,2.377,4.82,2.423,0.703,97.77,27.484
1/11/1998,NOV,1.34,23.062,2.23,0.524,60.1,1.331,1.007,12.54,19.594,49.691,12.72,22.44,2.083,4.917,4.515,2.227,0.854,106.322,27.3
1/12/1998,DIC,2.187,26.264,1.594,0.544,45.777,0.749,0.8,4.93,7.812,22.924,8.96,15.59,0.112,0.811,3.797,1.077,0.276,83.298,20.871
1/01/1999,ENE,3.043,33.931,1.943,0.574,79.969,1.069,0.914,15.36,21.492,71.61,16.1,27.11,1.755,3.78,5.976,7.881,0.977,163.145,39.871
1/02/1999,FEB,9.684,63.031,2.594,0.815,389.569,1.665,1.126,164.83,94.742,451.389,30.36,76.12,348.38,21.228,27.07,88.214,19.229,508.917,128.321
1/03/1999,MAR,3.56,38.414,1.754,0.39,276.771,0.896,0.852,110.07,60.547,832.251,16.99,69.38,314.404,26.832,12.104,16.769,8.999,315.505,85.871
1/04/1999,ABR,1.625,34.78,1.061,0.097,142.708,0.262,0.626,63.45,73.711,255.749,15.16,63.51,130.71,17.369,22.678,25.276,4.679,209.689,65.467
1/05/1999,MAY,0.654,25.879,0.912,0.091,69.958,0.126,0.577,49.78,52.902,235.812,8.02,53.08,96.924,14.589,18.82,26.881,3.592,118.989,43.452
1/06/1999,JUN,1.113,20.349,1.074,0.122,33.346,0.275,0.63,23.34,39.508,172.338,6.47,47.68,50.193,6.109,8.961,7.633,1.29,63.017,35.267
1/07/1999,JUL,1.02,15.362,1.251,0.086,23.938,0.436,0.688,14.56,26.616,100.694,4.6,23.8,29.981,5.437,8.181,4.405,0.177,44.979,26.032
1/08/1999,AGO,0.699,13.472,0.936,0.064,20.521,0.148,0.585,4.14,12.371,64.217,4.18,15.35,13.404,1.269,3.67,1.683,0.07,43.573,21.71
1/09/1999,SET,0.824,16.47,0.677,0.159,31.546,0.23,0.501,10.97,17.59,48.534,6.3,28.96,9.992,0.948,5.206,3.785,0.024,55.903,23.3
1/10/1999,OCT,1.081,21.832,1.078,0.117,33.597,0.278,0.631,16.46,30.015,42.973,7.28,29.42,3.36,1.908,7.414,6.547,0,60.165,26.742
1/11/1999,NOV,1.514,18.64,2.083,0.43,44.094,1.197,0.959,9.57,13.602,34.259,6.22,23.78,3.048,0.739,3.331,3.67,0,66.311,23.7
1/12/1999,DIC,3.518,39.712,1.876,0.469,107.841,1.008,0.892,31.94,36.979,76.501,8.83,42.14,2.539,3.465,4.808,4.027,0.221,148.448,34.645
1/01/2000,ENE,2.41,42.17,1.624,0.414,70.646,0.777,0.81,13.24,14.742,72.357,15.2,24.11,0,5.772,3.642,4.188,0.494,108.086,42.591
1/02/2000,FEB,2.8,90.712,2.562,0.571,313.946,1.635,1.115,73.05,50.032,229.925,25.6,56.53,48.198,6.905,8.729,19.043,5.754,328.02,98.678
1/03/2000,MAR,3.18,87.074,2.517,0.603,471.222,1.594,1.101,163.46,86.806,664.427,15.15,79.29,345.355,40.488,17.494,34.142,12.703,334.696,103.129
1/04/2000,ABR,1.93,42.89,1.401,0.593,264.64,0.574,0.737,87.36,83.718,499.807,14.3,66.85,180.633,14.117,24.393,41.282,4.996,231.504,70.767
1/05/2000,MAY,1.01,27.836,1.062,0.32,112.613,0.263,0.626,65.07,64.04,267.996,7.9,49.88,85.797,6.507,19.549,25.566,4.452,145.822,32.249
1/06/2000,JUN,0.39,21.286,1.136,0.069,36.498,0.331,0.65,24.54,26.232,156.867,6.2,28.52,51.813,5.401,9.753,3.851,0.089,63.314,20.459
1/07/2000,JUL,0.29,15.438,0.924,0.102,23.793,0.137,0.581,9.64,13.458,86.843,4.1,16.67,36.178,2.403,5.196,3.05,0.05,44.054,22.742
1/08/2000,AGO,0.34,13.577,0.975,0.195,16.209,0.183,0.598,4.27,10.157,58.729,3.9,10.62,18.295,2.236,3.152,1.642,0.032,43.727,14.161
1/09/2000,SET,0.68,17.339,1.08,0.178,18.764,0.28,0.632,4.75,12.175,51.35,5.48,15.35,1.852,1.774,3.705,1.213,0,45.448,12.733
1/10/2000,OCT,1.59,19.567,0.89,0.202,26.194,0.106,0.57,4.41,9.131,30.167,7.15,11.64,1.12,0.804,4.392,1.537,0,53.199,18.677
1/11/2000,NOV,0.97,16.35,1.373,0.288,38.929,0.547,0.728,2.04,4.223,18.982,7.4,11.81,0,0.318,2.036,2.655,0,61.223,15.567
1/12/2000,DIC,2.32,36.344,1.79,0.583,75.183,0.929,0.864,20.39,30.299,38.979,8.35,30.12,7.019,4.399,7.235,2.722,0.774,91.311,33.742
1/01/2001,ENE,5.25,83.183,2.431,0.771,311.31,1.515,1.073,88.94,51.435,113.837,14.3,40.29,19.863,7.554,8.162,23.371,11.962,367.877,115.629
1/02/2001,FEB,2.61,80.105,2.042,0.543,113.07,1.16,0.946,82.72,40.103,163.649,18.2,35.96,48.611,10.956,8.002,29.973,10.359,306.448,92.225
1/03/2001,MAR,4.596,127.247,2.568,0.823,251.073,1.641,1.117,237.64,130.141,457.773,14.8,73.28,658.789,79.115,32.111,84.513,22.105,502.682,147.039
1/04/2001,ABR,2.213,66.42,1.361,0.233,127.666,0.537,0.724,128.52,95.614,330.401,13.5,46.83,308.912,13.148,22.204,55.973,11.444,227.287,84.087
1/05/2001,MAY,1.024,28.221,0.993,0.126,50.782,0.2,0.604,40.48,36.372,149.642,6.8,42.61,82.101,5.468,9.404,13.737,1.218,77.913,60.71
1/06/2001,JUN,0.386,21.086,0.507,0.112,27.353,0.35,0.445,21.83,20.344,164.969,5.45,20.07,82.909,4.443,6.757,7.078,0.87,56.355,33.7
1/07/2001,JUL,0.344,18.394,0.577,0.071,21.606,0.4,0.468,10.03,8.974,92.593,4.4,11.96,62.351,2.984,3.603,2.627,0.408,48.066,24.384
1/08/2001,AGO,0.303,13.041,0.326,0.071,17.157,0.13,0.386,5,6.346,72.805,4.5,6.91,39.24,0.71,1.82,1.915,0.183,44.463,17.429
1/09/2001,SET,0.782,15.242,0.75,0.2,26.721,0.14,0.525,7.31,15.712,42.053,4.8,12.85,2.392,3.313,4.833,2.818,0.012,49.49,15.98
1/10/2001,OCT,1.496,17.507,1.192,0.256,34.011,0.382,0.669,5.52,10.833,35.581,6.9,17.8,0,1.601,3.373,2.952,0,57.002,20.66
1/11/2001,NOV,2.238,39.696,2.086,0.633,118.223,1.2,0.96,21.14,25.721,60.494,6.35,27.59,0,5.447,3.898,10.764,0.93,172.923,46.611
1/12/2001,DIC,2.614,38.42,2.384,0.439,123.103,1.472,1.057,23.97,33.609,53.577,7.9,34.74,0,4.631,5.903,8.609,2.644,180.244,49.764
1/01/2002,ENE,2.569,32.099,2.508,0.326,91.435,1.586,1.098,16.77,23.627,78.853,10.8,22.3,0,3.21,5.075,2.835,0.61,155.491,40.065
1/02/2002,FEB,4.271,53.674,2.352,0.45,141.926,1.443,1.047,40.64,41.591,142.816,21.5,39.1,40.22,9.794,11.902,10.206,5.862,199.727,70.585
1/03/2002,MAR,3.47,79.912,2.672,0.847,253.542,1.736,1.151,154.26,97.441,495.37,14.6,50.39,365.965,36.423,28.212,36.505,19.134,366.131,98.277
1/04/2002,ABR,1.334,55.533,2.004,0.348,188.18,1.124,0.933,130.02,80.743,572.415,10.2,51.09,547.415,58.169,26.73,36.68,7.773,281.493,75.228
1/05/2002,MAY,0.364,25.632,1.23,0.158,47.133,0.417,0.681,29.41,28.163,209.267,5.9,26.63,63.545,6.37,10.725,6.084,0.838,90.393,30.798
1/06/2002,JUN,0.528,17.002,0.653,0.112,27.929,0.22,0.493,13.81,15.113,109.877,5.15,15.43,41.782,2.64,6.546,4.251,0.101,55.495,21.043
1/07/2002,JUL,0.502,12.474,1.277,0.041,25.91,0.46,0.696,5.49,7.999,105.548,3.9,9.41,39.576,2.896,2.526,2.353,0.055,42.671,17.946
1/08/2002,AGO,0.381,9.833,1.126,0.086,20.396,0.322,0.647,2.73,5.545,57.796,4.1,5.82,15.942,0.968,1.367,0.953,0.009,41.204,16.135
1/09/2002,SET,0.416,10.046,1.462,0.161,21.851,0.629,0.757,2.47,4.35,35.841,4.9,6.35,0.81,0.322,1.206,10.572,0,41.816,13.701
1/10/2002,OCT,0.801,19.907,1.436,0.44,47.739,0.606,0.748,8.71,12.857,51.113,6.1,16.74,0.859,2.495,3.043,1.739,0,72.523,20.987
1/11/2002,NOV,1.677,38.379,1.896,0.614,110.785,1.026,0.898,26.89,33.809,76.389,5.9,24.35,3.279,6.519,4.362,5.844,2.991,165.017,37.065
1/12/2002,DIC,3.437,43.719,2.534,0.404,146.99,1.61,1.106,52.36,25.275,89.718,8.1,28.45,6.982,4.665,5.474,7.554,3.083,185.01,47.389
1/01/2003,ENE,4.567,34.573,2.791,0.555,137.435,1.845,1.19,32.96,21.057,83.819,9.4,26.24,13.74,3.913,5.727,8.848,1.523,161.484,52.648
1/02/2003,FEB,6.262,41.573,3.013,0.725,141.759,2.048,1.263,49.54,53.752,127.232,19.7,39.78,10.169,12.361,8.808,12.317,2.859,223.531,62.476
1/03/2003,MAR,5.569,51.317,2.726,0.602,236.153,1.785,1.169,50.81,39.742,186.641,12.5,31.47,10.79,4.871,6.764,11.367,5.318,260.773,88.356
1/04/2003,ABR,1.781,50.494,2.453,0.359,122.761,1.535,1.08,48.01,55.113,181.752,8.1,30.44,1.62,3.459,6.519,15.29,6.609,187.007,51.222
1/05/2003,MAY,0.764,27.063,1.09,0.148,47.273,0.289,0.635,22.05,31.229,148.708,4.95,17.76,3.883,3.726,7.555,6.536,1.13,81.183,27.294
1/06/2003,JUN,0.199,14.74,0.666,0.1,27.915,0.7,0.497,10.83,21.39,83.758,4.3,15.04,14.159,3.486,6.192,2.21,0.346,52.744,17.728
1/07/2003,JUL,0.668,11.12,0.764,0.05,21.882,2.048,0.529,3.98,9.479,58.58,3.8,9.9,5.078,0.912,3.113,0.77,0.1,44.449,14.265
1/08/2003,AGO,0.297,10.203,0.893,0.216,18.503,0.44,0.571,1.37,6.063,37.933,3.3,7.22,0.896,0.345,1.251,0.45,0,42.155,11.189
1/09/2003,SET,0.744,11.371,0.784,0.219,24.304,0.42,0.536,1.21,5.566,32.485,4.6,10.89,0.424,0.319,1.079,0.205,0,40.503,12.331
1/10/2003,OCT,0.834,15.262,1.852,0.243,39.72,0.239,0.884,1.8,6.016,29.309,5.25,11.52,0.112,0.506,1.224,0.16,0,51.79,13.176
1/11/2003,NOV,0.779,16.589,1.751,0.311,42.774,0.192,0.851,6.09,12.52,26.775,4.95,18.98,0.116,0.906,1.968,0.137,0,56.907,15.538
1/12/2003,DIC,2.327,44.607,2.415,0.719,93.799,1.906,1.067,8.4,17.92,55.966,7.9,19.82,0.075,2.027,3.195,1.195,0,133.534,45.349
1/01/2004,ENE,0.924,28.229,1.75,0.251,65.413,0.398,0.851,7.54,21.057,72.842,10.812,18.61,3.076,1.792,2.571,0.855,0,94.871,28.998
1/02/2004,FEB,2.057,56.21,2.045,0.353,96.887,0.254,0.947,28.21,14.938,60.904,12.445,17.71,0.405,1.08,3.924,8.171,7.562,166.973,59.148
1/03/2004,MAR,1.857,43.601,1.903,0.461,71.972,0.103,0.9,33.74,30.035,94.87,11.658,16.77,0,4.236,6.704,12.183,2.2,134.522,43.78
1/04/2004,ABR,1.053,36.049,1.734,0.36,70.401,0.026,0.845,31.84,36.695,111.844,10.719,19.71,0.066,2.312,7.076,7.196,0.383,122.325,36.025
1/05/2004,MAY,0.33,16.661,1.344,0.107,35.653,0.06,0.718,11.71,34.567,72.17,8.56,19.09,0,1.684,5.776,2.576,0,64.213,17.624
1/06/2004,JUN,0.358,11.609,0.904,0.156,20.763,0.37,0.575,4.58,11.052,95.679,6.117,11.68,0,0.893,3.243,0.607,0.102,43.145,12.775
1/07/2004,JUL,0.631,10.008,0.652,0.006,16.507,0.336,0.493,1.84,8.524,59.476,4.722,10.3,0.235,2.627,2.099,0.097,0,35.778,10.733
1/08/2004,AGO,0.266,9.142,0.77,0.381,15.525,0.139,0.531,0.53,4.804,26.695,5.372,7.23,0,0.225,0.901,0.07,0,34.599,9.897
1/09/2004,SET,0.437,9.829,0.935,0.154,18.617,0.149,0.585,1.09,4.892,21.296,6.289,8.33,0,0.663,1.169,0.061,0,33.573,10.84
1/10/2004,OCT,1.246,21.777,1.227,0.348,47.433,0.382,0.68,5.28,17.449,28.114,7.907,17.55,0,2.503,2.684,2.081,0,81.152,21.944
1/11/2004,NOV,1.221,35.164,2.409,0.604,81.268,1.721,1.065,21.46,54.199,34.722,14.465,27.8,0,1.452,4.056,6.229,2.615,147.554,35.274
1/12/2004,DIC,1.642,42.42,2.561,0.557,88.368,0.657,1.115,34.43,50.075,64.367,15.307,22.98,0,3.666,5.816,10.427,3.603,164.603,42.184
1/01/2005,ENE,1.633,45.976,2.818,0.314,88.455,0.047,2.355,27.21,23.175,43.459,10.198,16.78,1.142,0.798,4.323,5.053,2.112,147.809,45.982
1/02/2005,FEB,1.68,45.186,2.774,0.43,92.024,0.102,1.348,21.74,43.918,132.73,12.202,29.44,0,6.442,5.26,5.674,2.2,167.464,45.549
1/03/2005,MAR,1.697,57.813,3.1,0.894,144.447,0.194,0.07,99.19,107.956,269.303,20.2,62.23,37.201,14.439,16.422,19.242,9.106,282.192,58.042
1/04/2005,ABR,0.995,42.973,1.923,0.431,80.04,1.212,1.879,47.72,58.774,150.965,12.223,33.69,18.588,5.112,11.859,14.249,4.805,180.073,43.293
1/05/2005,MAY,0.378,19.247,1.273,0.246,41.908,0.563,0.947,14.74,18.246,63.807,9.025,17.36,0.224,0.77,5.13,1.529,0.422,70.064,19.413
1/06/2005,JUN,0.224,13.908,1.189,0.225,26.24,0.373,0.845,4.62,7.639,57.407,8.674,11.3,0.772,0.808,2.999,0.21,0.11,47.763,14.568
1/07/2005,JUL,0.646,11.034,0.936,0.04,23.033,0.178,0.859,2.04,3.63,32.071,5.482,6.6,0.411,0.343,1.558,0.085,0.006,46.204,12.493
1/08/2005,AGO,0.642,10.119,1.348,0.3,21.855,0.198,0.615,0.75,3.882,22.7,9.965,4.03,0,0.102,0.887,0.08,0,43.315,11.41
1/09/2005,SET,0.329,10.934,1.207,0.154,26.31,0.137,0.6,0.72,2.917,19.907,7.444,3.91,0,0.044,1.002,0.063,0,44.909,11.734
1/10/2005,OCT,0.252,13.03,1.499,0.263,38.787,0.1,0.6,6.02,24.574,20.385,9.325,24.9,0,1.378,2.153,0.06,0,59.287,13.255
1/11/2005,NOV,0.175,17.013,2.317,0.21,42.454,0.332,0.725,5.88,18.274,26.312,8.408,21.33,0,1.285,2.601,0.057,0,62.977,16.927
1/12/2005,DIC,1.283,28.404,2.37,0.511,84.05,0.924,0.799,11.35,17.399,32.967,13.609,22.39,0,0.376,2.241,0.522,1.324,124.149,28.403
1/01/2006,ENE,1.647,36.498,1.976,0.316,65.295,1.676,2.908,14.49,31.377,62.388,10.248,26.57,0,2.498,3.527,1.758,0.527,127.667,35.535
1/02/2006,FEB,2.064,60.41,2.453,0.542,107.951,0.585,1.08,67.36,89.263,315.022,14.14,45.26,44.936,10.846,14.944,16.164,7.08,221.132,57.321
1/03/2006,MAR,2.639,73.222,2.432,0.706,217.486,0.243,1.123,216.37,159.615,331.355,16.974,74.29,158.893,20.826,32.7,35.886,23.661,396.003,74.516
1/04/2006,ABR,1.932,77.164,2.287,0.523,255.94,1.336,1.009,113.86,95.437,300.039,13.818,50.01,89.128,9.746,17.51,24.001,11.885,388.003,77.313
1/05/2006,MAY,0.483,27.661,1.419,0.049,42.735,0.105,0.253,19.93,20.05,119.325,5.633,22.97,11.036,2.197,7.249,2.23,0.347,95.504,27.826
1/06/2006,JUN,0.328,18.514,0.832,0.05,25.176,0.28,0.498,11.41,16.364,102.045,5.659,18.4,0.795,3.081,5.943,0.843,0.143,59.73,18.317
1/07/2006,JUL,0.506,11.825,1.025,0.03,16.928,0.19,0.428,4.43,6.358,59.625,5.306,12.43,0.818,1.156,2.754,0.123,0.066,45.689,12.906
1/08/2006,AGO,0.466,9.954,0.552,0.317,15.418,0.029,0.348,2.84,6.191,47.454,10.25,8.64,0.149,0.529,1.918,0.099,0,42.095,10.903
1/09/2006,SET,0.882,11.226,0.932,0.163,22.865,0.036,0.505,2.82,6.162,38.503,7.603,10.41,0.039,0.12,2.342,0.085,0,43.648,13.277
1/10/2006,OCT,0.952,17.029,1.513,0.197,34.341,0.253,0.827,2.13,3.514,29.757,8.18,10.38,0,0.628,1.425,0.08,0,54.754,18.194
1/11/2006,NOV,0.685,29.009,1.959,0.319,51.977,0.822,0.964,7.48,14.9,40.625,10.293,18.94,0,3.362,2.558,0.525,0.207,85.612,28.867
1/12/2006,DIC,1.946,45.405,2.687,0.577,114.52,2.581,1.089,28.24,43.834,64.591,14.733,29.24,0,2.012,4.966,5.756,3.018,180.966,45.416
1/01/2007,ENE,1.863,60.429,3.065,0.626,122.721,2.585,1.143,37.69,51.27,88.747,15.783,36.63,0.112,6.249,6.991,12.109,8.31,217.18,60.548
1/02/2007,FEB,1.337,55.432,2.849,0.461,104.072,2.021,1.228,31.14,45.124,77.877,17.236,27.29,0.041,4.055,5.936,12.16,7.539,192.983,55.486
1/03/2007,MAR,2.435,71.304,2.46,0.614,277.278,2.277,1.404,98.55,111.864,126.867,20.232,57.06,20.423,8.176,11.946,20.296,12.639,319.634,71.419
1/04/2007,ABR,1.82,69.881,2.069,0.439,211.879,2.215,1.057,90.37,110.297,170.332,14.325,62.1,14.699,4.859,13.954,29.453,11.35,329.229,70.057
1/05/2007,MAY,0.771,44.124,1.136,0.193,64.303,0.7,0.777,26.79,55.279,89.158,9.557,39.34,3.547,3.346,12.787,10.181,5.262,113.716,44.323
1/06/2007,JUN,0.333,19.315,0.998,0.139,28.037,0.257,0.624,8.57,13.826,88.156,6.957,18.49,2.508,0.374,5.278,0.885,0.531,53.284,19.227
1/07/2007,JUL,0.117,14.524,1.403,0.096,19.361,0.201,0.604,3.92,5.325,43.944,6.617,10.9,0.523,0.409,2.707,0.147,0.15,44.825,14.706
1/08/2007,AGO,0.247,13.521,1.473,0.098,19.67,0.208,0.607,2.44,6.13,44.318,6.658,8.04,0.261,0.328,1.686,0.094,0.037,42.709,12.777
1/09/2007,SET,0.241,12.082,0.952,0.544,17.913,0.003,0.824,1.9,4.222,37.423,10.36,7.05,0.154,0.388,1.848,0.069,0,39.305,11.92
1/10/2007,OCT,0.235,15.44,1.713,0.359,34.52,0.165,0.915,5.12,15.276,36.066,11.903,20.96,0.075,2.62,2.889,0.153,0,62.277,16.032
1/11/2007,NOV,1.659,21.573,2.086,0.385,54.31,0.395,0.986,19.94,47.56,68.982,13.112,43.77,0.27,7.364,5.932,2.883,0.275,105.645,21.477
1/12/2007,DIC,1.038,21.739,2.242,0.326,54.85,0.577,1.086,8.89,17.298,47.715,14.812,22.98,0.299,1.813,3.6,1.292,0,87.257,21.748
1/01/2008,ENE,2.225,54.333,2.532,0.566,142.024,2.854,1.126,48.73,47.484,85.051,15.497,41.39,1.221,5.368,9.877,5.717,4.926,226.225,53.795
1/02/2008,FEB,2.218,57.43,2.173,0.48,179.432,2.158,1.087,119.21,101.155,461.446,14.837,68.79,314.087,34.064,18.945,19.778,7.56,273.543,57.509
1/03/2008,MAR,1.79,53.75,1.665,0.409,190.855,1.826,0.774,134.05,113.946,578.741,9.501,80.17,442.402,27.39,40.954,29.282,13.789,275.591,53.973
1/04/2008,ABR,1.095,51.396,1.505,0.412,140.267,1.241,0.696,118.46,96.115,546.798,8.175,63.17,416.663,24.28,41.557,29.263,9.493,243.847,52.1
1/05/2008,MAY,0.625,23.612,1.171,0.289,47.523,0.307,0.513,41.07,56.395,253.323,5.064,40.74,101.072,5.148,13.33,9.484,1.815,100.114,23.747
1/06/2008,JUN,0.557,14.389,1.026,0.2,26.009,0.007,0.701,16.72,22.203,169.02,8.262,21.9,59.923,3.258,8.044,2.607,0.48,46.289,16.026
1/07/2008,JUL,0.972,11.296,0.941,0.142,20.004,0.325,0.486,6.72,11.492,143.22,4.608,14.17,45.792,2.607,5.363,1.122,0.206,46.129,13.122
1/08/2008,AGO,0.179,10.848,1.229,0.174,6.554,0.19,0.451,4.74,10,112.231,4.018,10.1,5.171,2.168,4.189,0.646,0.115,39.555,11.689
